anio,mes,estacion,factor_origen,factor_destino,total_mes
2023,1,Alborada,0.01092972043209805,0.011554496264843247,518586.0
2023,1,C. Raúl Silva H.,0.05098093662381938,0.04691796539050418,518586.0
2023,1,Chiguayante,0.01754193132865137,0.01548634170610082,518586.0
2023,1,Concepción,0.22028940233635308,0.22261881346584753,518586.0
2023,1,Costa Mar,0.046430100311230925,0.04731134276667708,518586.0
2023,1,Cristo Redentor,0.0657287315893603,0.05953882287605142,518586.0
2023,1,Diagonal Biobío,0.03373403832729769,0.0384005738681723,518586.0
2023,1,El Arenal,0.010291446356052805,0.009847932647622574,518586.0
2023,1,El Parque,0.024798201262664243,0.02382632774506061,518586.0
2023,1,Higueras,0.013257203241121049,0.013908975560466346,518586.0
2023,1,Hito Galvarino,0.029831117693111652,0.031684233666161445,518586.0
2023,1,Hualqui,0.021016764818178664,0.02472299676427825,518586.0
2023,1,Huinca,0.034322176071085606,0.032133532336005986,518586.0
2023,1,Intermodal Coronel,0.07210183074745558,0.06516759033217248,518586.0
2023,1,Juan Pablo II,0.0706960851237789,0.09034759904818102,518586.0
2023,1,La Leonera,0.015185523712556838,0.013168500499435002,518586.0
2023,1,Laguna Quiñenco,0.0581099374067175,0.05354560285082899,518586.0
2023,1,Lomas Coloradas,0.0658579290609465,0.0654163436729877,518586.0
2023,1,Lorenzo Arenas,0.008866417527661758,0.009504691603707004,518586.0
2023,1,Los Canelos,0.06811984897394067,0.06407808926581127,518586.0
2023,1,Los Cóndores,0.015694600317015885,0.014898203962312905,518586.0
2023,1,Manquimávida,0.012609287562718624,0.012362462542374842,518586.0
2023,1,Mercado,0.014618597493954714,0.015361000875457494,518586.0
2023,1,Pedro Medina,0.008093161018616006,0.007364255880413278,518586.0
2023,1,UTFSM,0.010895010663612207,0.010833304408526262,518586.0
2023,2,Alborada,0.012818012368690672,0.014632580760637445,405055.0
2023,2,C. Raúl Silva H.,0.052084284850205526,0.048751404130303294,405055.0
2023,2,Chiguayante,0.013161175642813938,0.013175988446013503,405055.0
2023,2,Concepción,0.2130179852118848,0.2120847786103122,405055.0
2023,2,Costa Mar,0.048000888768191974,0.04856624409030872,405055.0
2023,2,Cristo Redentor,0.06739331695695647,0.06346051770747183,405055.0
2023,2,Diagonal Biobío,0.033713940082211055,0.036965350384515684,405055.0
2023,2,El Arenal,0.009638197281850613,0.009349347619459086,405055.0
2023,2,El Parque,0.028951623853550754,0.029758921627927072,405055.0
2023,2,Higueras,0.013415462097739812,0.014632580760637445,405055.0
2023,2,Hito Galvarino,0.030605720210835567,0.03287454790090235,405055.0
2023,2,Hualqui,0.01745441977015467,0.020789769290590166,405055.0
2023,2,Huinca,0.037814617767957436,0.03562232289442174,405055.0
2023,2,Intermodal Coronel,0.07412820481169224,0.06951401661502758,405055.0
2023,2,Juan Pablo II,0.06937329498463171,0.0852921208230981,405055.0
2023,2,La Leonera,0.015355939316882892,0.012551381911098492,405055.0
2023,2,Laguna Quiñenco,0.05685400748046562,0.049131599412425474,405055.0
2023,2,Lomas Coloradas,0.06768710422041452,0.06802532989347125,405055.0
2023,2,Lorenzo Arenas,0.008732147486143857,0.009122217970399082,405055.0
2023,2,Los Canelos,0.06917085334090432,0.06622557430472405,405055.0
2023,2,Los Cóndores,0.015227561689153325,0.014694300773968967,405055.0
2023,2,Manquimávida,0.012314377059905445,0.011563861697794126,405055.0
2023,2,Mercado,0.014958462431027886,0.015254718495019194,405055.0
2023,2,Pedro Medina,0.007747096073372752,0.00809272814802928,405055.0
2023,2,UTFSM,0.010381306242362148,0.009867795731443878,405055.0
2023,3,Alborada,0.01269034896579047,0.012783125672317687,797614.0
2023,3,C. Raúl Silva H.,0.051922358434029495,0.044985419012203896,797614.0
2023,3,Chiguayante,0.015879861687482916,0.01320438206952235,797614.0
2023,3,Concepción,0.21598668027391696,0.23019530750463257,797614.0
2023,3,Costa Mar,0.05395216232413172,0.04829403696524885,797614.0
2023,3,Cristo Redentor,0.06405855463921145,0.05798418784023349,797614.0
2023,3,Diagonal Biobío,0.03330433016471627,0.04426451892770187,797614.0
2023,3,El Arenal,0.008209484788381348,0.00807031972859052,797614.0
2023,3,El Parque,0.021989333186227925,0.020639055984473693,797614.0
2023,3,Higueras,0.011430340992008665,0.012803185500756004,797614.0
2023,3,Hito Galvarino,0.029371350051528685,0.02960830677495631,797614.0
2023,3,Hualqui,0.01896155283131941,0.020793265915593256,797614.0
2023,3,Huinca,0.03843337754853852,0.035566075821136536,797614.0
2023,3,Intermodal Coronel,0.07554656763798027,0.06998498020345681,797614.0
2023,3,Juan Pablo II,0.06569969935332128,0.08529815173755727,797614.0
2023,3,La Leonera,0.014248746887592244,0.01073827691088672,797614.0
2023,3,Laguna Quiñenco,0.055163274466095126,0.05090432214078489,797614.0
2023,3,Lomas Coloradas,0.06935058812909503,0.06507157597534648,797614.0
2023,3,Lorenzo Arenas,0.007620227328005777,0.008749846416938519,797614.0
2023,3,Los Canelos,0.0701805635307304,0.06604949261171444,797614.0
2023,3,Los Cóndores,0.014449345171975417,0.013516563149593663,797614.0
2023,3,Manquimávida,0.014129641656239735,0.01308778431672463,797614.0
2023,3,Mercado,0.01254742268816746,0.012974947781759097,797614.0
2023,3,Pedro Medina,0.00936793988069417,0.009051997582790672,797614.0
2023,3,UTFSM,0.015506247382819258,0.015380873455079776,797614.0
2023,4,Alborada,0.013138802598840196,0.013050296433326187,802204.0
2023,4,C. Raúl Silva H.,0.053284451336567756,0.043247104227852266,802204.0
2023,4,Chiguayante,0.014379135481747785,0.01255665641158608,802204.0
2023,4,Concepción,0.24145977831075388,0.2686311711235546,802204.0
2023,4,Costa Mar,0.05635224955248291,0.048372982433395995,802204.0
2023,4,Cristo Redentor,0.06360352229607431,0.05612412802728483,802204.0
2023,4,Diagonal Biobío,0.030522161445218424,0.043870387083584726,802204.0
2023,4,El Arenal,0.007924418227782459,0.007768597513849345,802204.0
2023,4,El Parque,0.021758804493620075,0.019197111956559678,802204.0
2023,4,Higueras,0.011676581019291851,0.012838380262377151,802204.0
2023,4,Hito Galvarino,0.02860369681527392,0.02802279719373127,802204.0
2023,4,Hualqui,0.017535439863176946,0.02006970795458512,802204.0
2023,4,Huinca,0.03778091358307862,0.03470688253860614,802204.0
2023,4,Intermodal Coronel,0.07527761018394323,0.06256139336128964,802204.0
2023,4,Juan Pablo II,0.053146082542595154,0.07170993911773066,802204.0
2023,4,La Leonera,0.012830900868108362,0.010941107249527552,802204.0
2023,4,Laguna Quiñenco,0.05343528578765501,0.0485824054729221,802204.0
2023,4,Lomas Coloradas,0.06849379958215117,0.06337415420516478,802204.0
2023,4,Lorenzo Arenas,0.007453216388848722,0.00865241260327797,802204.0
2023,4,Los Canelos,0.06781192813797987,0.0629789928746304,802204.0
2023,4,Los Cóndores,0.01406375435674716,0.013243514118603248,802204.0
2023,4,Manquimávida,0.012727435914056773,0.011897223150221141,802204.0
2023,4,Mercado,0.013228555330065669,0.014215835373545881,802204.0
2023,4,Pedro Medina,0.009032615145274769,0.008679837048930198,802204.0
2023,4,UTFSM,0.014478860738664978,0.014706982263863057,802204.0
2023,5,Alborada,0.013512448388550594,0.013955048776988013,989606.0
2023,5,C. Raúl Silva H.,0.0521854152056475,0.043543592096248404,989606.0
2023,5,Chiguayante,0.01382065185538487,0.012254371941964782,989606.0
2023,5,Concepción,0.2726852909137576,0.2910178394229623,989606.0
2023,5,Costa Mar,0.05755017653490379,0.05207425985695317,989606.0
2023,5,Cristo Redentor,0.06039878497098845,0.0553391955990566,989606.0
2023,5,Diagonal Biobío,0.030036196223547553,0.0402645093097657,989606.0
2023,5,El Arenal,0.0074484188656899816,0.007522185597096218,989606.0
2023,5,El Parque,0.022865665729593393,0.020220168430668366,989606.0
2023,5,Higueras,0.011745078344310766,0.01289199944220225,989606.0
2023,5,Hito Galvarino,0.02775346956263402,0.02800003233610144,989606.0
2023,5,Hualqui,0.01496959395961625,0.01871957122329493,989606.0
2023,5,Huinca,0.03629323185186832,0.034478368158640915,989606.0
2023,5,Intermodal Coronel,0.07633441996107541,0.0636869622860007,989606.0
2023,5,Juan Pablo II,0.03783829119871949,0.052741191949119144,989606.0
2023,5,La Leonera,0.012013872187517052,0.011230732230807007,989606.0
2023,5,Laguna Quiñenco,0.05337780894618666,0.0498137642657785,989606.0
2023,5,Lomas Coloradas,0.06880111882910976,0.06408409003179043,989606.0
2023,5,Lorenzo Arenas,0.0071442574115355,0.00867719072034729,989606.0
2023,5,Los Canelos,0.06564329642302087,0.06211360885039097,989606.0
2023,5,Los Cóndores,0.013403314046196163,0.013348746875018948,989606.0
2023,5,Manquimávida,0.011653122555845458,0.011397465253848502,989606.0
2023,5,Mercado,0.011468200475744893,0.011291362421003915,989606.0
2023,5,Pedro Medina,0.008205285739981366,0.008451848513448787,989606.0
2023,5,UTFSM,0.012852589818574262,0.012881894410502765,989606.0
2023,6,Alborada,0.014027040190320979,0.014271731902179513,854136.0
2023,6,C. Raúl Silva H.,0.051199106465480905,0.04349424447628949,854136.0
2023,6,Chiguayante,0.013181741549355138,0.012402006237882492,854136.0
2023,6,Concepción,0.27295301919132314,0.290817855704478,854136.0
2023,6,Costa Mar,0.05897070255790647,0.05304541665495893,854136.0
2023,6,Cristo Redentor,0.061339177835848156,0.054705573819625916,854136.0
2023,6,Diagonal Biobío,0.02975170230501934,0.03996904474228928,854136.0
2023,6,El Arenal,0.00822234398269128,0.00808419268125919,854136.0
2023,6,El Parque,0.02299282549851546,0.020483857371659784,854136.0
2023,6,Higueras,0.012027358640778517,0.012805923178510214,854136.0
2023,6,Hito Galvarino,0.027352786909812958,0.027673578914833234,854136.0
2023,6,Hualqui,0.014762286099637529,0.01836241535305853,854136.0
2023,6,Huinca,0.036361890846422586,0.03445118810119232,854136.0
2023,6,Intermodal Coronel,0.07452794402764899,0.062103693088688454,854136.0
2023,6,Juan Pablo II,0.037834724212537585,0.05311917540063878,854136.0
2023,6,La Leonera,0.012519083611977483,0.011658564912379293,854136.0
2023,6,Laguna Quiñenco,0.05382749351391348,0.05023907199790197,854136.0
2023,6,Lomas Coloradas,0.06728670843987375,0.06319953731021757,854136.0
2023,6,Lorenzo Arenas,0.007348946771942641,0.00895641911826688,854136.0
2023,6,Los Canelos,0.06495803946912436,0.06179109649985482,854136.0
2023,6,Los Cóndores,0.013686345031704553,0.013138422920939991,854136.0
2023,6,Manquimávida,0.011541487538284302,0.01125698951923347,854136.0
2023,6,Mercado,0.012034383283224218,0.012089409649048864,854136.0
2023,6,Pedro Medina,0.007935504416158552,0.008152097558234286,854136.0
2023,6,UTFSM,0.013357357610497625,0.01372849288637875,854136.0
2023,7,Alborada,0.014564509011705445,0.015083221375866108,813553.0
2023,7,C. Raúl Silva H.,0.05201259168118119,0.044928849134598485,813553.0
2023,7,Chiguayante,0.01334762455549915,0.01228438712659163,813553.0
2023,7,Concepción,0.2706056028310387,0.2882565733271219,813553.0
2023,7,Costa Mar,0.058372349435132066,0.053510957491398836,813553.0
2023,7,Cristo Redentor,0.060330427151027655,0.05439842272107656,813553.0
2023,7,Diagonal Biobío,0.030862156491341067,0.03759312546324579,813553.0
2023,7,El Arenal,0.008622671172007233,0.008402648628915387,813553.0
2023,7,El Parque,0.02371326760518368,0.021788377647184633,813553.0
2023,7,Higueras,0.01228684547902841,0.01278220349503966,813553.0
2023,7,Hito Galvarino,0.027893695923928742,0.02838536641128482,813553.0
2023,7,Hualqui,0.014635801232372077,0.018442559980726518,813553.0
2023,7,Huinca,0.03529333675863773,0.033782679186236175,813553.0
2023,7,Intermodal Coronel,0.07451266235881375,0.06426993693096823,813553.0
2023,7,Juan Pablo II,0.03916278349413007,0.05313605874478983,813553.0
2023,7,La Leonera,0.012988705099729212,0.012107385751143441,813553.0
2023,7,Laguna Quiñenco,0.0543185262668812,0.05014670218166487,813553.0
2023,7,Lomas Coloradas,0.06721135562157597,0.06471858625068065,813553.0
2023,7,Lorenzo Arenas,0.007462328821846886,0.00954455333579988,813553.0
2023,7,Los Canelos,0.06553353008347336,0.06147479021034893,813553.0
2023,7,Los Cóndores,0.013963441840912638,0.01290635029309707,813553.0
2023,7,Manquimávida,0.011312108737844984,0.011082252785006018,813553.0
2023,7,Mercado,0.013201352585510716,0.013000996861913115,813553.0
2023,7,Pedro Medina,0.007839685920892677,0.008188771966915493,813553.0
2023,7,UTFSM,0.009952639840305425,0.00978424269838597,813553.0
2023,8,Alborada,0.014845144356955381,0.014342312474098633,904875.0
2023,8,C. Raúl Silva H.,0.05211548556430446,0.04414753418980522,904875.0
2023,8,Chiguayante,0.013523414836303357,0.012086752313855505,904875.0
2023,8,Concepción,0.2537963807155684,0.27845061472579086,904875.0
2023,8,Costa Mar,0.059026937422295894,0.050620251415941425,904875.0
2023,8,Cristo Redentor,0.06112004420500069,0.053754385964912284,904875.0
2023,8,Diagonal Biobío,0.0328929410139522,0.04402928581295759,904875.0
2023,8,El Arenal,0.008167979002624672,0.00793148224892941,904875.0
2023,8,El Parque,0.02305953861030529,0.02064484044757563,904875.0
2023,8,Higueras,0.011743058433485288,0.012109959939218123,904875.0
2023,8,Hito Galvarino,0.028227103191048486,0.028387346318552286,904875.0
2023,8,Hualqui,0.015557949993092969,0.01899930929686421,904875.0
2023,8,Huinca,0.03678298107473408,0.034308606161071974,904875.0
2023,8,Intermodal Coronel,0.07517944467467882,0.06247713772620528,904875.0
2023,8,Juan Pablo II,0.04645282497582539,0.06660920016576875,904875.0
2023,8,La Leonera,0.01302058295344661,0.011289957176405581,904875.0
2023,8,Laguna Quiñenco,0.05298742920292858,0.04871170051112032,904875.0
2023,8,Lomas Coloradas,0.07023290509738914,0.06444757563199337,904875.0
2023,8,Lorenzo Arenas,0.007173366487083851,0.00875811576184556,904875.0
2023,8,Los Canelos,0.06667992816687388,0.06195330846802045,904875.0
2023,8,Los Cóndores,0.012774140074595939,0.012148639314822489,904875.0
2023,8,Manquimávida,0.011652438182069347,0.01127669567619837,904875.0
2023,8,Mercado,0.012366348943224203,0.011405995303218676,904875.0
2023,8,Pedro Medina,0.008174609752728277,0.008264124879126951,904875.0
2023,8,UTFSM,0.012447023069484735,0.012844868075701064,904875.0
2023,9,Alborada,0.01448101968585903,0.01414763781938323,734893.0
2023,9,C. Raúl Silva H.,0.05366767679104305,0.04380365577029581,734893.0
2023,9,Chiguayante,0.01409865109614597,0.012052094658678202,734893.0
2023,9,Concepción,0.21671318137470352,0.24532414922988788,734893.0
2023,9,Costa Mar,0.0580887285632058,0.04890099647159518,734893.0
2023,9,Cristo Redentor,0.06381337147040453,0.05473858099070205,734893.0
2023,9,Diagonal Biobío,0.03247683676399149,0.048490052293327056,734893.0
2023,9,El Arenal,0.008583562505017737,0.008371286704322942,734893.0
2023,9,El Parque,0.022912179051916403,0.02041521690912827,734893.0
2023,9,Higueras,0.011963646408388704,0.012430381021454825,734893.0
2023,9,Hito Galvarino,0.029903673051723176,0.0314413118644483,734893.0
2023,9,Hualqui,0.016462260492343783,0.01889526774646105,734893.0
2023,9,Huinca,0.03828720643685543,0.03534119933105908,734893.0
2023,9,Intermodal Coronel,0.07679621387059068,0.06356027340034535,734893.0
2023,9,Juan Pablo II,0.06803575486499396,0.09140922556072789,734893.0
2023,9,La Leonera,0.013770712198918754,0.011495551053010438,734893.0
2023,9,Laguna Quiñenco,0.05614014557221255,0.04956367797761035,734893.0
2023,9,Lomas Coloradas,0.06989044663644911,0.06358748824658828,734893.0
2023,9,Lorenzo Arenas,0.007548037605474538,0.008386254869756549,734893.0
2023,9,Los Canelos,0.06916925321101167,0.06265674050508033,734893.0
2023,9,Los Cóndores,0.013097144754406424,0.012038487235556741,734893.0
2023,9,Manquimávida,0.011781306938561125,0.010929482251157651,734893.0
2023,9,Mercado,0.012248041551627243,0.011864312219602038,734893.0
2023,9,Pedro Medina,0.007941292133684767,0.00811274566501518,734893.0
2023,9,UTFSM,0.012129656970470531,0.012043930204805325,734893.0
2023,10,Alborada,0.014227742997626873,0.013964551776540742,908085.0
2023,10,C. Raúl Silva H.,0.05261291619176619,0.04365670614534983,908085.0
2023,10,Chiguayante,0.013765231228354173,0.012409631256985855,908085.0
2023,10,Concepción,0.21688938810794145,0.23993458762120287,908085.0
2023,10,Costa Mar,0.05748580804660357,0.048785080691785464,908085.0
2023,10,Cristo Redentor,0.06394225210195081,0.05579764008875821,908085.0
2023,10,Diagonal Biobío,0.03343189238892835,0.04844590539431881,908085.0
2023,10,El Arenal,0.008946299079931944,0.008191964408618135,908085.0
2023,10,El Parque,0.02357048073693542,0.020993629450987518,908085.0
2023,10,Higueras,0.011808365956931344,0.011896463436792811,908085.0
2023,10,Hito Galvarino,0.02891799776452645,0.029175682893121238,908085.0
2023,10,Hualqui,0.016468722641602932,0.019593980739688464,908085.0
2023,10,Huinca,0.038567975464851856,0.03559798917502216,908085.0
2023,10,Intermodal Coronel,0.07610631163382282,0.0648221256820672,908085.0
2023,10,Juan Pablo II,0.07040530346828766,0.09204314574076215,908085.0
2023,10,La Leonera,0.013302719459081474,0.011257756707797177,908085.0
2023,10,Laguna Quiñenco,0.053976224692622386,0.04848224560476167,908085.0
2023,10,Lomas Coloradas,0.07298105353573729,0.06984478325266907,908085.0
2023,10,Lorenzo Arenas,0.007107264187823827,0.008025680415379618,908085.0
2023,10,Los Canelos,0.06908714492586046,0.06309211142128765,908085.0
2023,10,Los Cóndores,0.012577016468722642,0.011397611457077256,908085.0
2023,10,Manquimávida,0.011515441836391967,0.010677414559209765,908085.0
2023,10,Mercado,0.012159654657878943,0.011887653688806664,908085.0
2023,10,Pedro Medina,0.008150118105683939,0.007873712262618588,908085.0
2023,10,UTFSM,0.01199667432013523,0.012151946128391065,908085.0
2023,11,Alborada,0.014368663279841355,0.014066600668054914,966687.0
2023,11,C. Raúl Silva H.,0.05263647902578601,0.04452113248652356,966687.0
2023,11,Chiguayante,0.013256617705627572,0.012701112149020314,966687.0
2023,11,Concepción,0.26103381963344907,0.2795723952013423,966687.0
2023,11,Costa Mar,0.05882462472341099,0.05129167972673678,966687.0
2023,11,Cristo Redentor,0.06090285687094168,0.054432303320516365,966687.0
2023,11,Diagonal Biobío,0.03122313634092524,0.04221531891915377,966687.0
2023,11,El Arenal,0.008343962420100819,0.008203275724200284,966687.0
2023,11,El Parque,0.023399507803456548,0.021201278180010698,966687.0
2023,11,Higueras,0.012230432394353084,0.012399049537233873,966687.0
2023,11,Hito Galvarino,0.028996976270499138,0.029076629767442824,966687.0
2023,11,Hualqui,0.015862424962785265,0.019304076707352017,966687.0
2023,11,Huinca,0.037306801477624094,0.035447875061938354,966687.0
2023,11,Intermodal Coronel,0.07557668614556728,0.0647117422702488,966687.0
2023,11,Juan Pablo II,0.042387039445032366,0.062415238851872425,966687.0
2023,11,La Leonera,0.012932831412856487,0.011547688134835785,966687.0
2023,11,Laguna Quiñenco,0.047756926492235854,0.04304185325756941,966687.0
2023,11,Lomas Coloradas,0.07225399741591643,0.06743547808132312,966687.0
2023,11,Lorenzo Arenas,0.0073312251018168234,0.008309825207124954,966687.0
2023,11,Los Canelos,0.06614343629323659,0.062334550893929475,966687.0
2023,11,Los Cóndores,0.012925590185861608,0.011872508888606137,966687.0
2023,11,Manquimávida,0.011207350466076403,0.010856668187324335,966687.0
2023,11,Mercado,0.012610079581084673,0.012100090308445235,966687.0
2023,11,Pedro Medina,0.007972590921363378,0.008330514427110327,966687.0
2023,11,UTFSM,0.012515943630151228,0.012611114042083942,966687.0
2023,12,Alborada,0.014581243416046451,0.014000827207352549,875234.0
2023,12,C. Raúl Silva H.,0.05314921495280119,0.04543127894940096,875234.0
2023,12,Chiguayante,0.012245867962167832,0.012358980569767627,875234.0
2023,12,Concepción,0.2653130477106694,0.2878258842778046,875234.0
2023,12,Costa Mar,0.061793760297246224,0.052655632665092995,875234.0
2023,12,Cristo Redentor,0.061616664800499064,0.056376923199967094,875234.0
2023,12,Diagonal Biobío,0.030204493883921327,0.03784359382747928,875234.0
2023,12,El Arenal,0.008216088497476104,0.008172671536983252,875234.0
2023,12,El Parque,0.029915428331166293,0.02785198015616395,875234.0
2023,12,Higueras,0.011027907965184169,0.011395809577781484,875234.0
2023,12,Hito Galvarino,0.027798280231343845,0.02816732439553308,875234.0
2023,12,Hualqui,0.014760624015977442,0.018328812637534646,875234.0
2023,12,Huinca,0.036768452779485254,0.035419099349431125,875234.0
2023,12,Intermodal Coronel,0.07432640870898526,0.06448789695098682,875234.0
2023,12,Juan Pablo II,0.039587127556744824,0.05663399730814845,875234.0
2023,12,La Leonera,0.012264148787638506,0.010794827440433074,875234.0
2023,12,Laguna Quiñenco,0.05076128212569438,0.0463875946318356,875234.0
2023,12,Lomas Coloradas,0.0717351016985172,0.06738540778808867,875234.0
2023,12,Lorenzo Arenas,0.006874732928565389,0.00820580553314885,875234.0
2023,12,Los Canelos,0.0657938334205481,0.06181432622590073,875234.0
2023,12,Los Cóndores,0.012722311975997276,0.011344394756145213,875234.0
2023,12,Manquimávida,0.010072734834341445,0.009454614423114276,875234.0
2023,12,Mercado,0.012112189425913527,0.011426658470763247,875234.0
2023,12,Pedro Medina,0.00676276287255751,0.007390023696520016,875234.0
2023,12,UTFSM,0.009596290820512,0.008845634424622445,875234.0
2024,1,Alborada,0.013981300419388712,0.01388698511704529,795205.0
2024,1,C. Raúl Silva H.,0.052995139618085906,0.04588125074666281,795205.0
2024,1,Chiguayante,0.012760231638382556,0.012653340962393345,795205.0
2024,1,Concepción,0.2612659628649216,0.28297483038964794,795205.0
2024,1,Costa Mar,0.05830068975924447,0.05086235624776001,795205.0
2024,1,Cristo Redentor,0.06021843424022736,0.054745631629579794,795205.0
2024,1,Diagonal Biobío,0.030344376607289943,0.03448167453675467,795205.0
2024,1,El Arenal,0.008571374676970089,0.008357593324991669,795205.0
2024,1,El Parque,0.028370042944901,0.027279758049811056,795205.0
2024,1,Higueras,0.01218302198804082,0.012267276991467608,795205.0
2024,1,Hito Galvarino,0.02934840701454342,0.030165806301519733,795205.0
2024,1,Hualqui,0.016393257084651128,0.021151778472217855,795205.0
2024,1,Huinca,0.036837042020611034,0.03430310423098446,795205.0
2024,1,Intermodal Coronel,0.07526864141950818,0.0673951999798794,795205.0
2024,1,Juan Pablo II,0.0453857810250187,0.06064473940681962,795205.0
2024,1,La Leonera,0.012859577090184293,0.011720248237875769,795205.0
2024,1,Laguna Quiñenco,0.05089630975660364,0.046327676511088337,795205.0
2024,1,Lomas Coloradas,0.0701190259115574,0.06614898045158167,795205.0
2024,1,Lorenzo Arenas,0.007347790821234776,0.008148842122471564,795205.0
2024,1,Los Canelos,0.06362007281141341,0.05928156890361605,795205.0
2024,1,Los Cóndores,0.01288472783747587,0.011922711753572977,795205.0
2024,1,Manquimávida,0.009962211002194403,0.00946548374318572,795205.0
2024,1,Mercado,0.01315887098295408,0.012804245446142818,795205.0
2024,1,Pedro Medina,0.007073647675756566,0.007801761809847775,795205.0
2024,1,UTFSM,0.009854062788840613,0.009327154633082035,795205.0
2024,2,Alborada,0.013056133169824064,0.01389281940018347,782790.0
2024,2,C. Raúl Silva H.,0.0503884712293409,0.04607652944739063,782790.0
2024,2,Chiguayante,0.012357527510161226,0.013017853407650758,782790.0
2024,2,Concepción,0.267069697876977,0.2738780270063722,782790.0
2024,2,Costa Mar,0.05653784159560986,0.05135913662730687,782790.0
2024,2,Cristo Redentor,0.059731467468354255,0.055016221049220944,782790.0
2024,2,Diagonal Biobío,0.029618965981595646,0.032722360986360104,782790.0
2024,2,El Arenal,0.008469397380843987,0.00806062420620761,782790.0
2024,2,El Parque,0.031046254256914624,0.0301835924736519,782790.0
2024,2,Higueras,0.012213978402011327,0.012320614882351252,782790.0
2024,2,Hito Galvarino,0.029623067384685637,0.030575960035928294,782790.0
2024,2,Hualqui,0.016828056878258054,0.021660876852637956,782790.0
2024,2,Huinca,0.037123166501926985,0.03552772069991811,782790.0
2024,2,Intermodal Coronel,0.07347663635729786,0.06845651897514139,782790.0
2024,2,Juan Pablo II,0.041417335537153925,0.05441194766062803,782790.0
2024,2,La Leonera,0.012075897831314759,0.011485295786355182,782790.0
2024,2,Laguna Quiñenco,0.05621109648277344,0.0529614181011324,782790.0
2024,2,Lomas Coloradas,0.06815848368393496,0.06648100982012614,782790.0
2024,2,Lorenzo Arenas,0.007420805324168065,0.008458460305937329,782790.0
2024,2,Los Canelos,0.06433597600405765,0.061038447919700006,782790.0
2024,2,Los Cóndores,0.013023321945104088,0.012149723086934705,782790.0
2024,2,Manquimávida,0.009210384205770129,0.009381276001186671,782790.0
2024,2,Mercado,0.014189487557026596,0.013757473098213565,782790.0
2024,2,Pedro Medina,0.006817899069938495,0.008077029818567599,782790.0
2024,2,UTFSM,0.009598650364956518,0.009049062350896909,782790.0
2024,3,Alborada,0.013510880779289325,0.013432184073514238,1107393.0
2024,3,C. Raúl Silva H.,0.051196045970392755,0.04320161232275246,1107393.0
2024,3,Chiguayante,0.012943688668154226,0.012399529739197198,1107393.0
2024,3,Concepción,0.27554691811223875,0.30314546894119343,1107393.0
2024,3,Costa Mar,0.060066700256724004,0.051032894263298066,1107393.0
2024,3,Cristo Redentor,0.05992274286811105,0.053725857146284695,1107393.0
2024,3,Diagonal Biobío,0.02971280500971712,0.038985580268240595,1107393.0
2024,3,El Arenal,0.0069790541999568126,0.007257371817941887,1107393.0
2024,3,El Parque,0.025043787039036435,0.021714532498380474,1107393.0
2024,3,Higueras,0.01128721898318098,0.011978214448523237,1107393.0
2024,3,Hito Galvarino,0.028222366179610832,0.02736342042755344,1107393.0
2024,3,Hualqui,0.015802682406007823,0.0191021857530171,1107393.0
2024,3,Huinca,0.036575733582859475,0.03471484440605581,1107393.0
2024,3,Intermodal Coronel,0.07526668106240551,0.062493821828738694,1107393.0
2024,3,Juan Pablo II,0.03462271167734351,0.05146764557690923,1107393.0
2024,3,La Leonera,0.011619280692914897,0.0104983324935819,1107393.0
2024,3,Laguna Quiñenco,0.05189855802682406,0.048863936274862636,1107393.0
2024,3,Lomas Coloradas,0.07244607596151538,0.06400921327287122,1107393.0
2024,3,Lorenzo Arenas,0.007106696417860314,0.008441661268264594,1107393.0
2024,3,Los Canelos,0.06391324168046257,0.06145348976702896,1107393.0
2024,3,Los Cóndores,0.013387077425082173,0.01200988507401809,1107393.0
2024,3,Manquimávida,0.010877420283596052,0.010643249598118958,1107393.0
2024,3,Mercado,0.011816022457352623,0.01065284675735982,1107393.0
2024,3,Pedro Medina,0.00789558290745939,0.008293865015955275,1107393.0
2024,3,UTFSM,0.012340027351903834,0.013118356966337962,1107393.0
2024,4,Alborada,0.012614877085929009,0.012445677400441366,1165612.0
2024,4,C. Raúl Silva H.,0.04971665838764463,0.04206105122769301,1165612.0
2024,4,Chiguayante,0.01328896139442256,0.012658308021241347,1165612.0
2024,4,Concepción,0.279560406549747,0.304750349030902,1165612.0
2024,4,Costa Mar,0.05677599499820394,0.04959088963746931,1165612.0
2024,4,Cristo Redentor,0.06101413043576608,0.05565221954699724,1165612.0
2024,4,Diagonal Biobío,0.027648314382063752,0.03767633638345173,1165612.0
2024,4,El Arenal,0.007896286926474145,0.00815958697180518,1165612.0
2024,4,El Parque,0.023982019592780693,0.019984563921741076,1165612.0
2024,4,Higueras,0.01252982483760902,0.013630980010007211,1165612.0
2024,4,Hito Galvarino,0.028955766497195543,0.027736081063840762,1165612.0
2024,4,Hualqui,0.01563966076820276,0.019425390629594745,1165612.0
2024,4,Huinca,0.03655256093224503,0.035308445597777065,1165612.0
2024,4,Intermodal Coronel,0.07211073440806799,0.0579051993163247,1165612.0
2024,4,Juan Pablo II,0.03343005764551852,0.04985871373856205,1165612.0
2024,4,La Leonera,0.011696493766303566,0.010444235131464539,1165612.0
2024,4,Laguna Quiñenco,0.05437553101104503,0.05045588909910668,1165612.0
2024,4,Lomas Coloradas,0.07055174479258561,0.06237225197542894,1165612.0
2024,4,Lorenzo Arenas,0.0076945140395022465,0.009289696101078264,1165612.0
2024,4,Los Canelos,0.06445422243696408,0.06249983034790894,1165612.0
2024,4,Los Cóndores,0.014207344714048008,0.01311523765317322,1165612.0
2024,4,Manquimávida,0.011144558963375958,0.010709344799100256,1165612.0
2024,4,Mercado,0.011884694485990357,0.011016075779743631,1165612.0
2024,4,Pedro Medina,0.007846522313095423,0.008042866333153277,1165612.0
2024,4,UTFSM,0.014428118635219051,0.015210780281993446,1165612.0
2024,5,Alborada,0.01252610388523599,0.012371901735620415,1063539.0
2024,5,C. Raúl Silva H.,0.04975934121832862,0.04252970506958372,1063539.0
2024,5,Chiguayante,0.013076154235998868,0.012751765567600248,1063539.0
2024,5,Concepción,0.27981578484663,0.2995752859086503,1063539.0
2024,5,Costa Mar,0.05806651190036285,0.05135119633600648,1063539.0
2024,5,Cristo Redentor,0.05893154834942583,0.05466278152470196,1063539.0
2024,5,Diagonal Biobío,0.027679285855995876,0.03719750756671829,1063539.0
2024,5,El Arenal,0.008206563181980162,0.008246994233403759,1063539.0
2024,5,El Parque,0.023574123750986095,0.020391353772640213,1063539.0
2024,5,Higueras,0.012558072623570928,0.013202148675318912,1063539.0
2024,5,Hito Galvarino,0.02944414826348634,0.028879053800565848,1063539.0
2024,5,Hualqui,0.015788795709419212,0.019618462510542632,1063539.0
2024,5,Huinca,0.03599962013616802,0.03522860938809014,1063539.0
2024,5,Intermodal Coronel,0.07596994562493713,0.06148058510313209,1063539.0
2024,5,Juan Pablo II,0.03404012452763838,0.04956658853130915,1063539.0
2024,5,La Leonera,0.012136837483157647,0.010802612786178974,1063539.0
2024,5,Laguna Quiñenco,0.05436001876752992,0.05127409526119869,1063539.0
2024,5,Lomas Coloradas,0.06935241678960527,0.06284301751040629,1063539.0
2024,5,Lorenzo Arenas,0.00757282995734054,0.008849698976718296,1063539.0
2024,5,Los Canelos,0.06361590877250388,0.06195259412207733,1063539.0
2024,5,Los Cóndores,0.01386691038128362,0.012829806899417887,1063539.0
2024,5,Manquimávida,0.011002887529277253,0.010958695449814253,1063539.0
2024,5,Mercado,0.012083242833596136,0.011262398463996149,1063539.0
2024,5,Pedro Medina,0.007767463158379712,0.008342900448408568,1063539.0
2024,5,UTFSM,0.012805360217161759,0.013830240357899428,1063539.0
2024,6,Alborada,0.01311587622719833,0.012227132088907534,724618.0
2024,6,C. Raúl Silva H.,0.05150989900885708,0.04264177815069457,724618.0
2024,6,Chiguayante,0.011365988700253099,0.011550913722816712,724618.0
2024,6,Concepción,0.2611210320472304,0.29071041569489026,724618.0
2024,6,Costa Mar,0.060691288375392276,0.050480391047420844,724618.0
2024,6,Cristo Redentor,0.06269924291143747,0.05595361970031106,724618.0
2024,6,Diagonal Biobío,0.028040981593060066,0.03785442812626791,724618.0
2024,6,El Arenal,0.0073224788785263405,0.007220356104871808,724618.0
2024,6,El Parque,0.025566574388160384,0.022028158284779015,724618.0
2024,6,Higueras,0.010789133032853173,0.011280426376380383,724618.0
2024,6,Hito Galvarino,0.030736194795050634,0.029490020948968975,724618.0
2024,6,Hualqui,0.013016513528507434,0.016546649406997894,724618.0
2024,6,Huinca,0.03732725380821343,0.034844566378422835,724618.0
2024,6,Intermodal Coronel,0.07877529953713543,0.061926421921619394,724618.0
2024,6,Juan Pablo II,0.04777551758305756,0.07298328222594526,724618.0
2024,6,La Leonera,0.010651129284671372,0.010136375303953256,724618.0
2024,6,Laguna Quiñenco,0.05792569326182899,0.05253526685784786,724618.0
2024,6,Lomas Coloradas,0.07006450295190017,0.0620878863069921,724618.0
2024,6,Lorenzo Arenas,0.0062639901299719304,0.007344559478235429,724618.0
2024,6,Los Canelos,0.06562354233540983,0.06145720917780127,724618.0
2024,6,Los Cóndores,0.012083608190798461,0.010871935281762253,724618.0
2024,6,Manquimávida,0.009320773152198814,0.009213130228617009,724618.0
2024,6,Mercado,0.010587647560507743,0.009541579149289695,724618.0
2024,6,Pedro Medina,0.0063371321165082845,0.006976089470590021,724618.0
2024,6,UTFSM,0.01128870660127129,0.012097408565616643,724618.0
2024,7,Alborada,0.013454707154138278,0.013842135661311839,978245.0
2024,7,C. Raúl Silva H.,0.05233556011019734,0.04582901011505298,978245.0
2024,7,Chiguayante,0.011746546110636906,0.01214419700586254,978245.0
2024,7,Concepción,0.26995486815675007,0.2844635035190571,978245.0
2024,7,Costa Mar,0.059462609060102534,0.05333428742288486,978245.0
2024,7,Cristo Redentor,0.05960367801522114,0.05556481249584715,978245.0
2024,7,Diagonal Biobío,0.030814366544168383,0.03861200415028955,978245.0
2024,7,El Arenal,0.007782304024043057,0.0079427955164606,978245.0
2024,7,El Parque,0.025675572070391364,0.022296050580376082,978245.0
2024,7,Higueras,0.012017439394016836,0.012054239991004299,978245.0
2024,7,Hito Galvarino,0.031006547439547352,0.029835061768779803,978245.0
2024,7,Hualqui,0.012781051781506677,0.01746392774816125,978245.0
2024,7,Huinca,0.03643259101758762,0.03557799937643433,978245.0
2024,7,Intermodal Coronel,0.07487285904860234,0.0632755598035257,978245.0
2024,7,Juan Pablo II,0.038707072359173825,0.054297236377390125,978245.0
2024,7,La Leonera,0.011058579394732404,0.010854131633690946,978245.0
2024,7,Laguna Quiñenco,0.05349682339291282,0.051280609663223425,978245.0
2024,7,Lomas Coloradas,0.07276500263226493,0.06737167069599129,978245.0
2024,7,Lorenzo Arenas,0.007437809546688202,0.008670629545768187,978245.0
2024,7,Los Canelos,0.06527096995129032,0.06317538040061539,978245.0
2024,7,Los Cóndores,0.013752178646453598,0.012689050289038023,978245.0
2024,7,Manquimávida,0.009639711933104693,0.010456480738465312,978245.0
2024,7,Mercado,0.012682916856206778,0.010504525962310055,978245.0
2024,7,Pedro Medina,0.006616951786106752,0.007593189845079709,978245.0
2024,7,UTFSM,0.010631283574155758,0.01087150969337947,978245.0
2024,8,Alborada,0.012150379880612018,0.012407070483587912,931082.0
2024,8,C. Raúl Silva H.,0.050711967366998824,0.04420233663630056,931082.0
2024,8,Chiguayante,0.012196562708762494,0.012329741096917349,931082.0
2024,8,Concepción,0.2867491799862955,0.3027477708730273,931082.0
2024,8,Costa Mar,0.052506653549311444,0.04760912572684253,931082.0
2024,8,Cristo Redentor,0.06076586165343117,0.05383521537308207,931082.0
2024,8,Diagonal Biobío,0.026526127666521317,0.036364144081831674,931082.0
2024,8,El Arenal,0.008188322833005041,0.008307538970788824,931082.0
2024,8,El Parque,0.02291312687819118,0.020037977321009322,931082.0
2024,8,Higueras,0.012265299941358549,0.012360887655437438,931082.0
2024,8,Hito Galvarino,0.02914029054369003,0.029372278703701713,931082.0
2024,8,Hualqui,0.014996530917792418,0.019329124609862504,931082.0
2024,8,Huinca,0.036794825804816335,0.03652417295146937,931082.0
2024,8,Intermodal Coronel,0.07831641036987075,0.06263358114537709,931082.0
2024,8,Juan Pablo II,0.03259004040460454,0.04965083633879723,931082.0
2024,8,La Leonera,0.011395344341314728,0.010828262172397275,931082.0
2024,8,Laguna Quiñenco,0.054589176893120046,0.050461720879578814,931082.0
2024,8,Lomas Coloradas,0.06893055606273131,0.06545395572033398,931082.0
2024,8,Lorenzo Arenas,0.007615870567791022,0.00869311188488232,931082.0
2024,8,Los Canelos,0.06528318665810315,0.06334995199133911,931082.0
2024,8,Los Cóndores,0.01373348426883991,0.012175082323576227,931082.0
2024,8,Manquimávida,0.009766057124936365,0.010262254022739135,931082.0
2024,8,Mercado,0.012226635248023268,0.010002341361985303,931082.0
2024,8,Pedro Medina,0.006960718819609873,0.007653461241866989,931082.0
2024,8,UTFSM,0.012687389510268697,0.013408056433267961,931082.0
2024,9,Alborada,0.012388488814654583,0.012337011582377263,913025.0
2024,9,C. Raúl Silva H.,0.05038416253662276,0.043627501985159224,913025.0
2024,9,Chiguayante,0.011838668163522357,0.011591139344486733,913025.0
2024,9,Concepción,0.27976780482462144,0.30008159688946084,913025.0
2024,9,Costa Mar,0.05757783193231292,0.050103775909750556,913025.0
2024,9,Cristo Redentor,0.061015853892281154,0.05549793269625695,913025.0
2024,9,Diagonal Biobío,0.02788094520960543,0.03612277867528271,913025.0
2024,9,El Arenal,0.008180498891048986,0.008839845568303167,913025.0
2024,9,El Parque,0.024583116563073302,0.021319240984638974,913025.0
2024,9,Higueras,0.012447632868760439,0.012140959995618959,913025.0
2024,9,Hito Galvarino,0.030121847704060678,0.031198488540839515,913025.0
2024,9,Hualqui,0.014534103666383724,0.018278798499493442,913025.0
2024,9,Huinca,0.03708222666411106,0.03610744503162564,913025.0
2024,9,Intermodal Coronel,0.07786095670983817,0.06313627775800225,913025.0
2024,9,Juan Pablo II,0.03387420935899893,0.0493622847129049,913025.0
2024,9,La Leonera,0.011017222967607678,0.010571452041291313,913025.0
2024,9,Laguna Quiñenco,0.05441800607869445,0.05175542838366967,913025.0
2024,9,Lomas Coloradas,0.07067495413597656,0.06540456175898798,913025.0
2024,9,Lorenzo Arenas,0.0070611429040825825,0.008488267024451686,913025.0
2024,9,Los Canelos,0.0643651597710906,0.06282193806303223,913025.0
2024,9,Los Cóndores,0.013183647764299991,0.01211576900961091,913025.0
2024,9,Manquimávida,0.009279044933052217,0.009251663426521728,913025.0
2024,9,Mercado,0.011744475781057473,0.00985953287149859,913025.0
2024,9,Pedro Medina,0.006447797157799622,0.007161906848114783,913025.0
2024,9,UTFSM,0.012270200706442868,0.012824402398619972,913025.0
2024,10,Alborada,0.012513219115498679,0.012664921071138572,1140394.0
2024,10,C. Raúl Silva H.,0.05073246614766475,0.043686655664621175,1140394.0
2024,10,Chiguayante,0.01222121477313981,0.01166614345568286,1140394.0
2024,10,Concepción,0.2782152484141446,0.2959933145912728,1140394.0
2024,10,Costa Mar,0.059108518634787624,0.05070615945015495,1140394.0
2024,10,Cristo Redentor,0.0601397411771721,0.05567461771984069,1140394.0
2024,10,Diagonal Biobío,0.02869797631344956,0.03757560983309277,1140394.0
2024,10,El Arenal,0.008477771717494129,0.0090845795400537,1140394.0
2024,10,El Parque,0.024068874441640346,0.020693725151131978,1140394.0
2024,10,Higueras,0.013225253728097483,0.013308558270211874,1140394.0
2024,10,Hito Galvarino,0.02962309517587781,0.029596788478368004,1140394.0
2024,10,Hualqui,0.014380994638695048,0.01809813099683092,1140394.0
2024,10,Huinca,0.03640583868382331,0.03558770039126828,1140394.0
2024,10,Intermodal Coronel,0.0790910860632378,0.06458557305632966,1140394.0
2024,10,Juan Pablo II,0.03384619701611899,0.04995554168120842,1140394.0
2024,10,La Leonera,0.011548640206805717,0.010536709242595104,1140394.0
2024,10,Laguna Quiñenco,0.05320266504383573,0.05100605580176676,1140394.0
2024,10,Lomas Coloradas,0.06718905921988365,0.06437511947625119,1140394.0
2024,10,Lorenzo Arenas,0.007603512470251509,0.008832912133876537,1140394.0
2024,10,Los Canelos,0.06463555578159828,0.06269149083562348,1140394.0
2024,10,Los Cóndores,0.013660191126926308,0.012397469646455524,1140394.0
2024,10,Manquimávida,0.009643158417178624,0.009493210241372719,1140394.0
2024,10,Mercado,0.01201163808297834,0.010799776217693183,1140394.0
2024,10,Pedro Medina,0.007165944401671703,0.007609650699670465,1140394.0
2024,10,UTFSM,0.012592139208028102,0.013379586353488356,1140394.0
2024,11,Alborada,0.012585783335133941,0.01240071210149795,1064455.0
2024,11,C. Raúl Silva H.,0.0520332000883081,0.04415968735174338,1064455.0
2024,11,Chiguayante,0.012029630186339488,0.0116350620740191,1064455.0
2024,11,Concepción,0.2742069885528275,0.2965912133439178,1064455.0
2024,11,Costa Mar,0.059347741332418935,0.05036004340249235,1064455.0
2024,11,Cristo Redentor,0.05968970036309661,0.05393558205842426,1064455.0
2024,11,Diagonal Biobío,0.028619340413638904,0.03760046220836015,1064455.0
2024,11,El Arenal,0.008393027417786567,0.008983000690494196,1064455.0
2024,11,El Parque,0.025385760788384667,0.022126816070195544,1064455.0
2024,11,Higueras,0.012985048686886717,0.01325467023030565,1064455.0
2024,11,Hito Galvarino,0.028273623591415324,0.02892466097674397,1064455.0
2024,11,Hualqui,0.015237844718658845,0.017431455533582912,1064455.0
2024,11,Huinca,0.036987002738490586,0.0367361701528012,1064455.0
2024,11,Intermodal Coronel,0.07673598226322391,0.06333945540206021,1064455.0
2024,11,Juan Pablo II,0.03319633051655542,0.05047277714886961,1064455.0
2024,11,La Leonera,0.011399260654513342,0.010467328351128041,1064455.0
2024,11,Laguna Quiñenco,0.053407612346224126,0.05042016806722689,1064455.0
2024,11,Lomas Coloradas,0.07218999394056114,0.06525592909047354,1064455.0
2024,11,Lorenzo Arenas,0.007478005176357855,0.008786656082220479,1064455.0
2024,11,Los Canelos,0.06454382759252388,0.06307828888961957,1064455.0
2024,11,Los Cóndores,0.013359888393591087,0.012411985476135675,1064455.0
2024,11,Manquimávida,0.009867021151669163,0.009750529613746001,1064455.0
2024,11,Mercado,0.012438290016957034,0.011098637330840665,1064455.0
2024,11,Pedro Medina,0.007012039024665204,0.007572889412892044,1064455.0
2024,11,UTFSM,0.012597056709771667,0.013205818940208839,1064455.0
2024,12,Alborada,0.01268741854677293,0.012680313592386737,985228.0
2024,12,C. Raúl Silva H.,0.05100849752544589,0.044877936883645206,985228.0
2024,12,Chiguayante,0.011703889861027092,0.01220123666806059,985228.0
2024,12,Concepción,0.2704176089189507,0.28963854052056986,985228.0
2024,12,Costa Mar,0.057441526225401635,0.04857251316446549,985228.0
2024,12,Cristo Redentor,0.05885642714173775,0.05517200079575489,985228.0
2024,12,Diagonal Biobío,0.028679655876609273,0.034701612215649574,985228.0
2024,12,El Arenal,0.00873706390804971,0.009104491549164255,985228.0
2024,12,El Parque,0.0314049133804561,0.029257187168858376,985228.0
2024,12,Higueras,0.01298582663099303,0.013248709943282163,985228.0
2024,12,Hito Galvarino,0.027554028103139578,0.02851116695830813,985228.0
2024,12,Hualqui,0.015175167575424166,0.017964369668746726,985228.0
2024,12,Huinca,0.0368371585054424,0.03543646749787866,985228.0
2024,12,Intermodal Coronel,0.07604432679542197,0.06379944540756048,985228.0
2024,12,Juan Pablo II,0.034961450547487484,0.050934403001132736,985228.0
2024,12,La Leonera,0.011801329235466309,0.010491987641439342,985228.0
2024,12,Laguna Quiñenco,0.05697462922288039,0.054799498187221636,985228.0
2024,12,Lomas Coloradas,0.07117134307997743,0.0666383821815864,985228.0
2024,12,Lorenzo Arenas,0.0076855306588931695,0.008782738614818092,985228.0
2024,12,Los Canelos,0.06447035610031383,0.06240585935438295,985228.0
2024,12,Los Cóndores,0.013919620636035517,0.012483404856540821,985228.0
2024,12,Manquimávida,0.009482069125116217,0.00946684422286009,985228.0
2024,12,Mercado,0.012672193644516803,0.011557730799368268,985228.0
2024,12,Pedro Medina,0.0067953813736515815,0.007266338350107792,985228.0
2024,12,UTFSM,0.010532587380789016,0.010006820756210745,985228.0
2025,1,Alborada,0.012642886531546842,0.01290898195023345,894416.0
2025,1,C. Raúl Silva H.,0.051282624639988554,0.04657564265397757,894416.0
2025,1,Chiguayante,0.011449929339367811,0.01210175131035223,894416.0
2025,1,Concepción,0.2722077869805549,0.28820034525321553,894416.0
2025,1,Costa Mar,0.05434272195488453,0.04875695425842114,894416.0
2025,1,Cristo Redentor,0.05893007280728431,0.05429688198779986,894416.0
2025,1,Diagonal Biobío,0.02866786819556001,0.03173355575034436,894416.0
2025,1,El Arenal,0.008833697071608736,0.009072959338831147,894416.0
2025,1,El Parque,0.02958019534534266,0.027975796497379295,894416.0
2025,1,Higueras,0.01450108227044239,0.014394867712563281,894416.0
2025,1,Hito Galvarino,0.029891012683136257,0.0308659505196687,894416.0
2025,1,Hualqui,0.016449839895529596,0.02085942111947908,894416.0
2025,1,Huinca,0.03600338097708449,0.033983068281426096,894416.0
2025,1,Intermodal Coronel,0.07591657573209781,0.0668559149210211,894416.0
2025,1,Juan Pablo II,0.036379045097583225,0.050220479061197476,894416.0
2025,1,La Leonera,0.01173055938176419,0.01068406647466056,894416.0
2025,1,Laguna Quiñenco,0.054502602815692025,0.051754440886567325,894416.0
2025,1,Lomas Coloradas,0.06779395717429026,0.065061447916853,894416.0
2025,1,Lorenzo Arenas,0.00817516681275827,0.008976807212751113,894416.0
2025,1,Los Canelos,0.0643783206024937,0.06149263877211499,894416.0
2025,1,Los Cóndores,0.014630775835852669,0.012866496127081805,894416.0
2025,1,Manquimávida,0.009631983327668557,0.009255201159192143,894416.0
2025,1,Mercado,0.014653136795406165,0.01349148494660203,894416.0
2025,1,Pedro Medina,0.006956494517092717,0.0073466932613012285,894416.0
2025,1,UTFSM,0.01046828321496932,0.010268152626965529,894416.0
2025,2,Alborada,0.012375630700827131,0.013495363054826019,734104.0
2025,2,C. Raúl Silva H.,0.05096280635986182,0.045437703649619125,734104.0
2025,2,Chiguayante,0.010990268408835805,0.011204134564039972,734104.0
2025,2,Concepción,0.2674171507034426,0.28600443533886205,734104.0
2025,2,Costa Mar,0.05257429465034927,0.046843499013763716,734104.0
2025,2,Cristo Redentor,0.06148175190436232,0.05525375151204734,734104.0
2025,2,Diagonal Biobío,0.02896864749408803,0.032197072894303805,734104.0
2025,2,El Arenal,0.008697677713239541,0.00846337848588211,734104.0
2025,2,El Parque,0.0313388838638667,0.030112899534670837,734104.0
2025,2,Higueras,0.014142410339679392,0.013976221352832842,734104.0
2025,2,Hito Galvarino,0.03039215152076545,0.03284275797434696,734104.0
2025,2,Hualqui,0.015435142704575919,0.019072229547856978,734104.0
2025,2,Huinca,0.037532829135926246,0.034922844719549276,734104.0
2025,2,Intermodal Coronel,0.07686513082614997,0.06886898859017251,734104.0
2025,2,Juan Pablo II,0.0368721598029707,0.050529625230212614,734104.0
2025,2,La Leonera,0.011574654272419167,0.010164772293843924,734104.0
2025,2,Laguna Quiñenco,0.05765804300208145,0.05326629469393982,734104.0
2025,2,Lomas Coloradas,0.06702320107232762,0.0646951930516657,734104.0
2025,2,Lorenzo Arenas,0.007887165851160054,0.009051850963896125,734104.0
2025,2,Los Canelos,0.0656528230332487,0.06133054717042817,734104.0
2025,2,Los Cóndores,0.014004827653847411,0.012481882676024106,734104.0
2025,2,Manquimávida,0.00927797696239225,0.008949685603129802,734104.0
2025,2,Mercado,0.014387607205518564,0.013987118991314582,734104.0
2025,2,Pedro Medina,0.006851890195394658,0.007293244553905169,734104.0
2025,2,UTFSM,0.009634874622669267,0.009554504538866427,734104.0
2025,3,Alborada,0.010850359446063954,0.011809003784458115,1097383.0
2025,3,C. Raúl Silva H.,0.048047035538184936,0.044794752606883835,1097383.0
2025,3,Chiguayante,0.011241289504211383,0.010712759355667073,1097383.0
2025,3,Concepción,0.2841068250556096,0.30301180171371345,1097383.0
2025,3,Costa Mar,0.05391736522253397,0.048776042639625365,1097383.0
2025,3,Cristo Redentor,0.0631848679995954,0.056401456920692226,1097383.0
2025,3,Diagonal Biobío,0.028426720661792648,0.03713015419411454,1097383.0
2025,3,El Arenal,0.007524264545742006,0.007347480323642703,1097383.0
2025,3,El Parque,0.023731003669639497,0.02105828138398353,1097383.0
2025,3,Higueras,0.012528898297130537,0.012740310356548261,1097383.0
2025,3,Hito Galvarino,0.02788269911234273,0.029502006136417278,1097383.0
2025,3,Hualqui,0.013878472693672128,0.016506543294364868,1097383.0
2025,3,Huinca,0.03810975748667512,0.03641208219919572,1097383.0
2025,3,Intermodal Coronel,0.0816287476660382,0.06243945823837257,1097383.0
2025,3,Juan Pablo II,0.031802023541461825,0.04861019352404767,1097383.0
2025,3,La Leonera,0.010857649517078358,0.009424239303871118,1097383.0
2025,3,Laguna Quiñenco,0.05626476808917215,0.05369501805659464,1097383.0
2025,3,Lomas Coloradas,0.06874628092470905,0.06431118397132086,1097383.0
2025,3,Lorenzo Arenas,0.007381196902084323,0.008167613312763182,1097383.0
2025,3,Los Canelos,0.06457818282222341,0.06442326881316733,1097383.0
2025,3,Los Cóndores,0.013499389000923106,0.01202132710275264,1097383.0
2025,3,Manquimávida,0.009884425036655388,0.00988807007216259,1097383.0
2025,3,Mercado,0.011939313803840591,0.010720049426681477,1097383.0
2025,3,Pedro Medina,0.0073465690647659026,0.007023983422378513,1097383.0
2025,3,UTFSM,0.012641894397853803,0.013072919846580456,1097383.0
2025,4,Alborada,0.010402381775758515,0.010977752338250317,1006308.0
2025,4,C. Raúl Silva H.,0.044382038103642225,0.043929890252288564,1006308.0
2025,4,Chiguayante,0.010953902781255838,0.010680626607360768,1006308.0
2025,4,Concepción,0.2927880927111779,0.30112351288074823,1006308.0
2025,4,Costa Mar,0.05231201580430644,0.04942423194489162,1006308.0
2025,4,Cristo Redentor,0.06382340198030821,0.05742973324270502,1006308.0
2025,4,Diagonal Biobío,0.026776096384009667,0.036330825154922745,1006308.0
2025,4,El Arenal,0.007649745405979084,0.007943889942244323,1006308.0
2025,4,El Parque,0.023092333559904126,0.018472475623765288,1006308.0
2025,4,Higueras,0.011860185947046034,0.0121930860134273,1006308.0
2025,4,Hito Galvarino,0.0274717084630153,0.030393279194838956,1006308.0
2025,4,Hualqui,0.013824793204466227,0.018218080349157513,1006308.0
2025,4,Huinca,0.03750640956844226,0.03721325876371846,1006308.0
2025,4,Intermodal Coronel,0.0853704829932784,0.06215492672223613,1006308.0
2025,4,Juan Pablo II,0.03240856676087241,0.04803598898150467,1006308.0
2025,4,La Leonera,0.010621996446416008,0.009820055092476658,1006308.0
2025,4,Laguna Quiñenco,0.056968641807478425,0.05465523477901398,1006308.0
2025,4,Lomas Coloradas,0.06581881491551295,0.06286842596898763,1006308.0
2025,4,Lorenzo Arenas,0.007028663192581198,0.008076056237255392,1006308.0
2025,4,Los Canelos,0.06401717963088836,0.06625903798836937,1006308.0
2025,4,Los Cóndores,0.012527973542891441,0.011962540295814006,1006308.0
2025,4,Manquimávida,0.009675964018968348,0.010127118138780571,1006308.0
2025,4,Mercado,0.011833355195427244,0.010148980232692178,1006308.0
2025,4,Pedro Medina,0.00779483021102883,0.007082324695818775,1006308.0
2025,4,UTFSM,0.013090425595344566,0.014478668558731521,1006308.0
2025,5,Alborada,0.01050597329585383,0.0109028150965235,967640.0
2025,5,C. Raúl Silva H.,0.04662374436774007,0.04419102145425985,967640.0
2025,5,Chiguayante,0.01103406225455748,0.010799470877599106,967640.0
2025,5,Concepción,0.2912973833243768,0.30193253689388616,967640.0
2025,5,Costa Mar,0.053747261378198505,0.04864619073209045,967640.0
2025,5,Cristo Redentor,0.06325802984581043,0.057055309825968334,967640.0
2025,5,Diagonal Biobío,0.02650985903848539,0.03520627506097309,967640.0
2025,5,El Arenal,0.007751849861518747,0.007742548881815551,967640.0
2025,5,El Parque,0.023835310652722087,0.019920631639866068,967640.0
2025,5,Higueras,0.012494316067959158,0.012438510189739986,967640.0
2025,5,Hito Galvarino,0.027421355049398535,0.029673225579761067,967640.0
2025,5,Hualqui,0.01367450704807573,0.019063908064982846,967640.0
2025,5,Huinca,0.03828076557397379,0.03780228184035385,967640.0
2025,5,Intermodal Coronel,0.08275598363027573,0.061965193667066265,967640.0
2025,5,Juan Pablo II,0.032856227522632384,0.04944917531313298,967640.0
2025,5,La Leonera,0.01048737133644744,0.010116365590508866,967640.0
2025,5,Laguna Quiñenco,0.056137613161919724,0.054717663593898555,967640.0
2025,5,Lomas Coloradas,0.06598631722541441,0.06299760241412096,967640.0
2025,5,Lorenzo Arenas,0.007375676904633955,0.008248935554545079,967640.0
2025,5,Los Canelos,0.06432247530073168,0.06550473316522673,967640.0
2025,5,Los Cóndores,0.01265243272291348,0.011448472572444298,967640.0
2025,5,Manquimávida,0.009646149394402876,0.010245545864164358,967640.0
2025,5,Mercado,0.012210119465917076,0.010607250630399736,967640.0
2025,5,Pedro Medina,0.007569964036211814,0.007167955024595924,967640.0
2025,5,UTFSM,0.011565251539828863,0.012156380472076391,967640.0
2025,6,Alborada,0.010490492277151863,0.01070707158653595,918832.0
2025,6,C. Raúl Silva H.,0.046392594075957305,0.04461642607136016,918832.0
2025,6,Chiguayante,0.01150700019154753,0.010107397217336793,918832.0
2025,6,Concepción,0.2968072509446776,0.30345590924129767,918832.0
2025,6,Costa Mar,0.05188108381075104,0.04885550350880248,918832.0
2025,6,Cristo Redentor,0.06355677642920578,0.058391523151131004,918832.0
2025,6,Diagonal Biobío,0.02585129816985042,0.03569314085708813,918832.0
2025,6,El Arenal,0.007348459783725426,0.007225477562818883,918832.0
2025,6,El Parque,0.022689675588137982,0.019294060285231684,918832.0
2025,6,Higueras,0.01273355738589862,0.012889189753948491,918832.0
2025,6,Hito Galvarino,0.027402180159158584,0.029803054312431434,918832.0
2025,6,Hualqui,0.012929458268758598,0.01637404879237989,918832.0
2025,6,Huinca,0.03788723074511989,0.037312588155397286,918832.0
2025,6,Intermodal Coronel,0.08366491371654448,0.06192971076322984,918832.0
2025,6,Juan Pablo II,0.03338042210110227,0.05075247705782994,918832.0
2025,6,La Leonera,0.01088338238110993,0.010091072143765128,918832.0
2025,6,Laguna Quiñenco,0.0570354537064447,0.055790394762045725,918832.0
2025,6,Lomas Coloradas,0.06475503682936598,0.062145201734375814,918832.0
2025,6,Lorenzo Arenas,0.006920742856147805,0.008704529228411723,918832.0
2025,6,Los Canelos,0.06380927090044752,0.06539824472808957,918832.0
2025,6,Los Cóndores,0.012635606944468629,0.011208795514305118,918832.0
2025,6,Manquimávida,0.009357532171278318,0.009181221376704338,918832.0
2025,6,Mercado,0.011450406603165758,0.010545997527295523,918832.0
2025,6,Pedro Medina,0.0068946227384331414,0.00667477841433472,918832.0
2025,6,UTFSM,0.011735551221550839,0.012852186253852718,918832.0
2025,7,Alborada,0.011745359436300822,0.011938106298674683,819728.0
2025,7,C. Raúl Silva H.,0.05002879003767103,0.04574078230827787,819728.0
2025,7,Chiguayante,0.013098247223469249,0.01140378271816993,819728.0
2025,7,Concepción,0.24786880526223332,0.2637423633205161,819728.0
2025,7,Costa Mar,0.05454858196865302,0.04907603497745593,819728.0
2025,7,Cristo Redentor,0.06357596666211231,0.0561954697167841,819728.0
2025,7,Diagonal Biobío,0.03266327367126657,0.04492465793531513,819728.0
2025,7,El Arenal,0.008666289305720921,0.008695567310132142,819728.0
2025,7,El Parque,0.019812669568442215,0.017902279780610153,819728.0
2025,7,Higueras,0.014224230476450725,0.013952189018796479,819728.0
2025,7,Hito Galvarino,0.031028585091640155,0.033113422989089064,819728.0
2025,7,Hualqui,0.01604678625104913,0.020436047079031093,819728.0
2025,7,Huinca,0.03898366287353854,0.03709279175531396,819728.0
2025,7,Intermodal Coronel,0.08119400581656354,0.062116946108953214,819728.0
2025,7,Juan Pablo II,0.04465749614506275,0.0645287217223274,819728.0
2025,7,La Leonera,0.011964944469384967,0.011236654109655886,819728.0
2025,7,Laguna Quiñenco,0.05728363554740109,0.053348183787793026,819728.0
2025,7,Lomas Coloradas,0.06911316924638417,0.0651289208127574,819728.0
2025,7,Lorenzo Arenas,0.007994115121113345,0.009185973884020066,819728.0
2025,7,Los Canelos,0.06819457185798215,0.06616950988620615,819728.0
2025,7,Los Cóndores,0.013824097749497393,0.012273583432553237,819728.0
2025,7,Manquimávida,0.011680703843226045,0.011222015107450276,819728.0
2025,7,Mercado,0.013351989928366483,0.012579782562020572,819728.0
2025,7,Pedro Medina,0.008292994749477875,0.007745252083617981,819728.0
2025,7,UTFSM,0.010157027696992173,0.010250961294478169,819728.0
2025,8,Alborada,0.011883485372243837,0.011528494891513068,977491.0
2025,8,C. Raúl Silva H.,0.0482203928220311,0.045303741927035644,977491.0
2025,8,Chiguayante,0.01190394591868365,0.010719280279818433,977491.0
2025,8,Concepción,0.2890420474459611,0.29992603512462007,977491.0
2025,8,Costa Mar,0.053716095595765075,0.04746846774036794,977491.0
2025,8,Cristo Redentor,0.06269111429158938,0.057146306206399856,977491.0
2025,8,Diagonal Biobío,0.028403330567749473,0.037350727525880034,977491.0
2025,8,El Arenal,0.007574494292019057,0.007868103133430384,977491.0
2025,8,El Parque,0.02028356271310938,0.017942876200394683,977491.0
2025,8,Higueras,0.01221596925189081,0.012239498880296596,977491.0
2025,8,Hito Galvarino,0.027424293420604384,0.029729173977049404,977491.0
2025,8,Hualqui,0.014137214562589323,0.018519863609997432,977491.0
2025,8,Huinca,0.038243830377977905,0.03787451751473927,977491.0
2025,8,Intermodal Coronel,0.08087542493997388,0.06248650882719125,977491.0
2025,8,Juan Pablo II,0.03241973583388492,0.04887615333542713,977491.0
2025,8,La Leonera,0.010837951449169353,0.010520812979352239,977491.0
2025,8,Laguna Quiñenco,0.05540102159508374,0.05389103326782548,977491.0
2025,8,Lomas Coloradas,0.0684251824313472,0.06419701050955968,977491.0
2025,8,Lorenzo Arenas,0.006877812685743398,0.008205702149687312,977491.0
2025,8,Los Canelos,0.06690087172158107,0.06755867828962107,977491.0
2025,8,Los Cóndores,0.012308041710869973,0.011290129525489237,977491.0
2025,8,Manquimávida,0.010213904782755034,0.010219019919364986,977491.0
2025,8,Mercado,0.011558162683850797,0.010438970793592985,977491.0
2025,8,Pedro Medina,0.007363750663688975,0.006899296259505203,977491.0
2025,8,UTFSM,0.011078362869837165,0.0117995971318406,977491.0
2025,9,Alborada,0.011274762921671714,0.011585225845607219,927647.0
2025,9,C. Raúl Silva H.,0.04584071311608834,0.044951366198564754,927647.0
2025,9,Chiguayante,0.011762017232848272,0.010377870030302475,927647.0
2025,9,Concepción,0.2901254464252027,0.29415284046625495,927647.0
2025,9,Costa Mar,0.05292422656463073,0.047935259856389335,927647.0
2025,9,Cristo Redentor,0.063222324871422,0.05820640825658898,927647.0
2025,9,Diagonal Biobío,0.027903933284967233,0.037161765197321825,927647.0
2025,9,El Arenal,0.007625745569165857,0.007650539483230151,927647.0
2025,9,El Parque,0.02032885354019363,0.01784622814497325,927647.0
2025,9,Higueras,0.01189461077327906,0.011995942422063565,927647.0
2025,9,Hito Galvarino,0.029023971402915117,0.033812430806114825,927647.0
2025,9,Hualqui,0.014723272969135889,0.019044959990168673,927647.0
2025,9,Huinca,0.03842948880339181,0.0375994316803698,927647.0
2025,9,Intermodal Coronel,0.08356088037798862,0.06489968705768466,927647.0
2025,9,Juan Pablo II,0.03161655241702932,0.04802042156121887,927647.0
2025,9,La Leonera,0.011240267041234434,0.010339062164810536,927647.0
2025,9,Laguna Quiñenco,0.056571087924609256,0.055005837349767744,927647.0
2025,9,Lomas Coloradas,0.06570818425543337,0.06287844406331287,927647.0
2025,9,Lorenzo Arenas,0.007097527399970032,0.008310273196593101,927647.0
2025,9,Los Canelos,0.06656734727757434,0.06757635178036472,927647.0
2025,9,Los Cóndores,0.012331199260063364,0.011044071721247415,927647.0
2025,9,Manquimávida,0.010418833888321743,0.010347686134919857,927647.0
2025,9,Mercado,0.011392264514411193,0.010561129395125516,927647.0
2025,9,Pedro Medina,0.007274318787211084,0.007017755676458825,927647.0
2025,9,UTFSM,0.011142169381240925,0.01167901152054607,927647.0
2025,10,Alborada,0.01068898548227201,0.011156436714332828,1009731.0
2025,10,C. Raúl Silva H.,0.043130299059848616,0.043852273526315426,1009731.0
2025,10,Chiguayante,0.012774689496509466,0.011081169143068798,1009731.0
2025,10,Concepción,0.2914657468177168,0.2933523879132165,1009731.0
2025,10,Costa Mar,0.05040055222628601,0.04734627341341407,1009731.0
2025,10,Cristo Redentor,0.06397644521164547,0.05884537564955419,1009731.0
2025,10,Diagonal Biobío,0.028516505881269368,0.03552530327384224,1009731.0
2025,10,El Arenal,0.007937757680015766,0.0073068965892896225,1009731.0
2025,10,El Parque,0.02154138082320935,0.019974626905581782,1009731.0
2025,10,Higueras,0.012409245630767006,0.011981408909897785,1009731.0
2025,10,Hito Galvarino,0.027074537673895324,0.03025657328536016,1009731.0
2025,10,Hualqui,0.015063417880603844,0.020021173956231906,1009731.0
2025,10,Huinca,0.038624148411804726,0.03823295511378773,1009731.0
2025,10,Intermodal Coronel,0.08346381362957064,0.06589576827887823,1009731.0
2025,10,Juan Pablo II,0.03107164185312722,0.045484391387409125,1009731.0
2025,10,La Leonera,0.011688261527079984,0.010880125498771456,1009731.0
2025,10,Laguna Quiñenco,0.05744995449283027,0.05568512801924473,1009731.0
2025,10,Lomas Coloradas,0.06318415498781359,0.0627820676992189,1009731.0
2025,10,Lorenzo Arenas,0.007120708386689128,0.008297259369079487,1009731.0
2025,10,Los Canelos,0.06659496440140988,0.0688599240787893,1009731.0
2025,10,Los Cóndores,0.013013366926438823,0.011419873213756931,1009731.0
2025,10,Manquimávida,0.011334702014695002,0.01113068728205829,1009731.0
2025,10,Mercado,0.011882372631918799,0.010809809741406374,1009731.0
2025,10,Pedro Medina,0.007876355187668795,0.007582217442071205,1009731.0
2025,10,UTFSM,0.011715991684914101,0.01223989359542294,1009731.0
2025,11,Alborada,0.011459931887572846,0.011485562151788833,936393.0
2025,11,C. Raúl Silva H.,0.04340485244977269,0.044475983908465785,936393.0
2025,11,Chiguayante,0.012043020398486533,0.01088752265341582,936393.0
2025,11,Concepción,0.2920088039957582,0.2861522886224053,936393.0
2025,11,Costa Mar,0.050900636805273,0.04821907041167544,936393.0
2025,11,Cristo Redentor,0.06347762104159257,0.05932551823860281,936393.0
2025,11,Diagonal Biobío,0.028565997396392328,0.03650817552032106,936393.0
2025,11,El Arenal,0.007619663965877575,0.006912695844586621,936393.0
2025,11,El Parque,0.02319645704314321,0.02123360597526893,936393.0
2025,11,Higueras,0.01184438585081264,0.011720506240435373,936393.0
2025,11,Hito Galvarino,0.027205457537593725,0.03057156557129325,936393.0
2025,11,Hualqui,0.014997976277054613,0.019078527925774753,936393.0
2025,11,Huinca,0.038550053236194634,0.03853617017641097,936393.0
2025,11,Intermodal Coronel,0.08179151275159041,0.06649878843605196,936393.0
2025,11,Juan Pablo II,0.03243830314835758,0.047315603598061924,936393.0
2025,11,La Leonera,0.011056255226171062,0.010094052390395913,936393.0
2025,11,Laguna Quiñenco,0.058800097822175094,0.05721422522381094,936393.0
2025,11,Lomas Coloradas,0.0613257467751254,0.06362713091618583,936393.0
2025,11,Lorenzo Arenas,0.006977839432802253,0.00799557450771204,936393.0
2025,11,Los Canelos,0.06827154837765767,0.07042769435482751,936393.0
2025,11,Los Cóndores,0.012873868130154753,0.011121398814386695,936393.0
2025,11,Manquimávida,0.011037032528009073,0.011279452110385276,936393.0
2025,11,Mercado,0.011310422012979594,0.01033540404509645,936393.0
2025,11,Pedro Medina,0.00736122546836638,0.007370836817447375,936393.0
2025,11,UTFSM,0.011481290441086167,0.011612645545193097,936393.0
2025,12,Alborada,0.012041592178399216,0.012322170813611501,901708.0
2025,12,C. Raúl Silva H.,0.04520199443722358,0.044556552675588994,901708.0
2025,12,Chiguayante,0.011171022104716826,0.011046813380828384,901708.0
2025,12,Concepción,0.28292861990799684,0.28514552382811287,901708.0
2025,12,Costa Mar,0.05066606928185177,0.047469912654650954,901708.0
2025,12,Cristo Redentor,0.06118721359908086,0.05844685862829208,901708.0
2025,12,Diagonal Biobío,0.0283262430853447,0.03200481752407653,901708.0
2025,12,El Arenal,0.007961557399956527,0.007366020929169975,901708.0
2025,12,El Parque,0.03288425964946524,0.030853668815181853,901708.0
2025,12,Higueras,0.011662311967954149,0.011371752274572256,901708.0
2025,12,Hito Galvarino,0.028644527940308837,0.03147693044755065,901708.0
2025,12,Hualqui,0.014547946785433866,0.018605801434610762,901708.0
2025,12,Huinca,0.03989539851038252,0.038328372377754216,901708.0
2025,12,Intermodal Coronel,0.07851433058151863,0.06741428489045234,901708.0
2025,12,Juan Pablo II,0.03272788973814139,0.045065586642238954,901708.0
2025,12,La Leonera,0.01109450065874984,0.010157390197270069,901708.0
2025,12,Laguna Quiñenco,0.0609997915067849,0.05964569461510821,901708.0
2025,12,Lomas Coloradas,0.06507317224644785,0.06492789239975691,901708.0
2025,12,Lorenzo Arenas,0.007033318990183075,0.007961557399956527,901708.0
2025,12,Los Canelos,0.0664317051639777,0.06788450363088716,901708.0
2025,12,Los Cóndores,0.013076295208648475,0.011307429899701455,901708.0
2025,12,Manquimávida,0.01028492594054838,0.010013219357042413,901708.0
2025,12,Mercado,0.011736615400994558,0.010815031030000843,901708.0
2025,12,Pedro Medina,0.0067261241998518365,0.007038864022499523,901708.0
2025,12,UTFSM,0.009182573516038451,0.008773350131084564,901708.0
2026,1,Alborada,0.012277035934319202,0.012503795337467956,780563.0
2026,1,C. Raúl Silva H.,0.04620895430605858,0.04584383323319194,780563.0
2026,1,Chiguayante,0.010091434003405234,0.010611571391418759,780563.0
2026,1,Concepción,0.28332114127879493,0.27899477684696816,780563.0
2026,1,Costa Mar,0.05111695020132904,0.048995404598988164,780563.0
2026,1,Cristo Redentor,0.06200012042589772,0.05813880493951161,780563.0
2026,1,Diagonal Biobío,0.0281335395093029,0.031459344088817946,780563.0
2026,1,El Arenal,0.008333728347359534,0.007559927898196558,780563.0
2026,1,El Parque,0.031223616799668955,0.02984256235563305,780563.0
2026,1,Higueras,0.01239746183203662,0.011428930144011439,780563.0
2026,1,Hito Galvarino,0.028770259415319455,0.031917987401401296,780563.0
2026,1,Hualqui,0.01416285424751109,0.018783877790774096,780563.0
2026,1,Huinca,0.04032602108990562,0.038306965613281695,780563.0
2026,1,Intermodal Coronel,0.0781564076186035,0.06944090355294832,780563.0
2026,1,Juan Pablo II,0.03583695358350319,0.04948863832900099,780563.0
2026,1,La Leonera,0.010487302113986956,0.010796053617709269,780563.0
2026,1,Laguna Quiñenco,0.05852698629066456,0.05675006373604693,780563.0
2026,1,Lomas Coloradas,0.06499155097026121,0.06594086575971446,780563.0
2026,1,Lorenzo Arenas,0.006860432790178371,0.007502277202480773,780563.0
2026,1,Los Canelos,0.06584093788714043,0.06697729715602713,780563.0
2026,1,Los Cóndores,0.012730554740616708,0.01134821917000934,780563.0
2026,1,Manquimávida,0.009145962593666367,0.009484180008532303,780563.0
2026,1,Mercado,0.013303218318060169,0.011823517128021698,780563.0
2026,1,Pedro Medina,0.0064479100341676455,0.007139718382757061,780563.0
2026,1,UTFSM,0.009308665668242025,0.008920484317089075,780563.0
2026,2,Alborada,0.01203952990163134,0.012510379483299595,745461.0
2026,2,C. Raúl Silva H.,0.044180715020638237,0.04474546622828022,745461.0
2026,2,Chiguayante,0.01008905898497708,0.010754419077590914,745461.0
2026,2,Concepción,0.2843233918340463,0.2799596491298673,745461.0
2026,2,Costa Mar,0.05120187373987371,0.04933591428659581,745461.0
2026,2,Cristo Redentor,0.06157666195817085,0.0586965649443767,745461.0
2026,2,Diagonal Biobío,0.027895490173194842,0.029470354585954196,745461.0
2026,2,El Arenal,0.00848870698802486,0.008017857406356603,745461.0
2026,2,El Parque,0.03425128879981649,0.03255032791789242,745461.0
2026,2,Higueras,0.012290381388161152,0.011529778217773968,745461.0
2026,2,Hito Galvarino,0.029098772437458162,0.03199899122824668,745461.0
2026,2,Hualqui,0.015876082048557873,0.022076272266423058,745461.0
2026,2,Huinca,0.03930722063260184,0.03696772869405643,745461.0
2026,2,Intermodal Coronel,0.07861444126520369,0.06981988326686439,745461.0
2026,2,Juan Pablo II,0.03460811497851665,0.04515192612356649,745461.0
2026,2,La Leonera,0.01102405088931547,0.011671972108534183,745461.0
2026,2,Laguna Quiñenco,0.05789035241280228,0.05676487435291719,745461.0
2026,2,Lomas Coloradas,0.06248616627831637,0.06442590558057364,745461.0
2026,2,Lorenzo Arenas,0.007441033132517999,0.007827371250809902,745461.0
2026,2,Los Canelos,0.06423676087682656,0.06458017253753047,745461.0
2026,2,Los Cóndores,0.012745133548233912,0.011619655488348821,745461.0
2026,2,Manquimávida,0.00940089421176963,0.009736257161675796,745461.0
2026,2,Mercado,0.014329388123590638,0.013186471190310425,745461.0
2026,2,Pedro Medina,0.007341765699345774,0.007864931901199392,745461.0
2026,2,UTFSM,0.00926272467640829,0.008736875570955422,745461.0
2026,3,Alborada,0.0117905394997621,0.011938584450659099,1168564.0
2026,3,C. Raúl Silva H.,0.04048558743894216,0.04154586312773626,1168564.0
2026,3,Chiguayante,0.011634792788413813,0.010772195617869454,1168564.0
2026,3,Concepción,0.30033357180265696,0.30078112965999293,1168564.0
2026,3,Costa Mar,0.05362479076884107,0.04992623424989988,1168564.0
2026,3,Cristo Redentor,0.06296873769857705,0.05929157495866722,1168564.0
2026,3,Diagonal Biobío,0.02821154853307136,0.03232428861405965,1168564.0
2026,3,El Arenal,0.007323518438014521,0.0069247383968700045,1168564.0
2026,3,El Parque,0.024547222060580336,0.02199194909307492,1168564.0
2026,3,Higueras,0.011625379525640016,0.011402028472552637,1168564.0
2026,3,Hito Galvarino,0.02732499033001188,0.02940018689605362,1168564.0
2026,3,Hualqui,0.014842148140795028,0.021586323042640368,1168564.0
2026,3,Huinca,0.04060368109919525,0.039116385580935234,1168564.0
2026,3,Intermodal Coronel,0.07678484019702815,0.0647273063349547,1168564.0
2026,3,Juan Pablo II,0.02927182422186547,0.0398514758284527,1168564.0
2026,3,La Leonera,0.01112562084746749,0.010417914637110162,1168564.0
2026,3,Laguna Quiñenco,0.05593874190887277,0.05643251032891652,1168564.0
2026,3,Lomas Coloradas,0.06355578299519753,0.06316983922147182,1168564.0
2026,3,Lorenzo Arenas,0.006920459641063733,0.007621319842131026,1168564.0
2026,3,Los Canelos,0.06627193718101876,0.06859530158382425,1168564.0
2026,3,Los Cóndores,0.012897881502425199,0.011686993609250327,1168564.0
2026,3,Manquimávida,0.010727696557484229,0.010723417801677957,1168564.0
2026,3,Mercado,0.011221464977527974,0.009771822510363147,1168564.0
2026,3,Pedro Medina,0.007811296599929486,0.00707620635241202,1168564.0
2026,3,UTFSM,0.012155945245617698,0.012924409788424083,1168564.0
2026,4,Alborada,0.011372165822106156,0.011097179225540894,1156420.0
2026,4,C. Raúl Silva H.,0.04093495442832189,0.04115113885958389,1156420.0
2026,4,Chiguayante,0.010941526435032255,0.010602549246813442,1156420.0
2026,4,Concepción,0.3019084761591809,0.30258470106016844,1156420.0
2026,4,Costa Mar,0.05515037789038585,0.05096418256342851,1156420.0
2026,4,Cristo Redentor,0.06285692049601356,0.05965306722471075,1156420.0
2026,4,Diagonal Biobío,0.0277892115321423,0.031491153733072756,1156420.0
2026,4,El Arenal,0.007255149513152661,0.007147057297521662,1156420.0
2026,4,El Parque,0.02312395150550838,0.02104771622766815,1156420.0
2026,4,Higueras,0.011648017156396465,0.011720655125300496,1156420.0
2026,4,Hito Galvarino,0.028429982186402865,0.030700783452378894,1156420.0
2026,4,Hualqui,0.014331298317220386,0.01941336192732744,1156420.0
2026,4,Huinca,0.03996125974991785,0.03914148838657235,1156420.0
2026,4,Intermodal Coronel,0.07777969941716677,0.06610055170266858,1156420.0
2026,4,Juan Pablo II,0.029786755677003163,0.03967416682520192,1156420.0
2026,4,La Leonera,0.010343127929299043,0.009868386918247695,1156420.0
2026,4,Laguna Quiñenco,0.055784230642846024,0.05709603777174383,1156420.0
2026,4,Lomas Coloradas,0.06392833053734802,0.06333771467114024,1156420.0
2026,4,Lorenzo Arenas,0.007051936147766382,0.007868248560211687,1156420.0
2026,4,Los Canelos,0.06724805866380727,0.06946697566628042,1156420.0
2026,4,Los Cóndores,0.012657166081527473,0.011296068902301932,1156420.0
2026,4,Manquimávida,0.00998253229795403,0.00949136127012677,1156420.0
2026,4,Mercado,0.010795385759499143,0.009831203196070632,1156420.0
2026,4,Pedro Medina,0.006814133273378185,0.006469967658809083,1156420.0
2026,4,UTFSM,0.012125352380622957,0.012784282527109527,1156420.0
2026,5,Alborada,0.012011057799243748,0.011837738061880924,1038543.0
2026,5,C. Raúl Silva H.,0.04216291477579648,0.04251822023739027,1038543.0
2026,5,Chiguayante,0.009212906928263924,0.0087295374385076,1038543.0
2026,5,Concepción,0.3026932924298753,0.29994232304295537,1038543.0
2026,5,Costa Mar,0.05629810224516462,0.0524234432276757,1038543.0
2026,5,Cristo Redentor,0.06356212501552656,0.059908930106890135,1038543.0
2026,5,Diagonal Biobío,0.02823763676612331,0.03179646870663998,1038543.0
2026,5,El Arenal,0.007034855562071094,0.00691449463334691,1038543.0
2026,5,El Parque,0.025297941442963844,0.023222919031758917,1038543.0
2026,5,Higueras,0.01103757860772255,0.010780487663967693,1038543.0
2026,5,Hito Galvarino,0.028613162863742762,0.031905274986206635,1038543.0
2026,5,Hualqui,0.012638860403469091,0.017487961499909006,1038543.0
2026,5,Huinca,0.03964881569660573,0.03919048128002403,1038543.0
2026,5,Intermodal Coronel,0.07725823581690888,0.06659907196909516,1038543.0
2026,5,Juan Pablo II,0.030863430787170104,0.040589556715513946,1038543.0
2026,5,La Leonera,0.008521553753672213,0.008555254813714983,1038543.0
2026,5,Laguna Quiñenco,0.05800337588332886,0.05928305327752438,1038543.0
2026,5,Lomas Coloradas,0.06365359932135695,0.06507770983002148,1038543.0
2026,5,Lorenzo Arenas,0.006836500751533639,0.007598144708500274,1038543.0
2026,5,Los Canelos,0.06861920979680186,0.07029848547436168,1038543.0
2026,5,Los Cóndores,0.012114086754231649,0.010681310258698966,1038543.0
2026,5,Manquimávida,0.00853503417768932,0.008658283768702885,1038543.0
2026,5,Mercado,0.01069382779528628,0.00951429069378928,1038543.0
2026,5,Pedro Medina,0.005581858430512747,0.00541335313029889,1038543.0
2026,5,UTFSM,0.010870036194938485,0.011073205442624908,1038543.0
2027,1,Alborada,0.012952948048592493,0.013101086247085628,
2027,1,C. Raúl Silva H.,0.05052796154993526,0.04618437272658674,
2027,1,Chiguayante,0.011503396195081589,0.011894683226231197,
2027,1,Concepción,0.2717035783204249,0.28433129869258345,
2027,1,Costa Mar,0.054723669357803637,0.049448187440364555,
2027,1,Cristo Redentor,0.06008409314182058,0.05539198761826178,
2027,1,Diagonal Biobío,0.029037238547514714,0.032489438470885854,
2027,1,El Arenal,0.008630008172154842,0.008480091674520657,
2027,1,El Parque,0.029628004988791735,0.02823367642767226,
2027,1,Higueras,0.013279759076120477,0.013015106104096619,
2027,1,Hito Galvarino,0.029448042665604204,0.03091891647465716,
2027,1,Hualqui,0.015861118640261428,0.020428242493124464,
2027,1,Huinca,0.03733413931834774,0.035160053399257506,
2027,1,Intermodal Coronel,0.07628215340994735,0.06766394759666039,
2027,1,Juan Pablo II,0.03894554299729386,0.053164796981835,
2027,1,La Leonera,0.011758450377345912,0.011022917789387299,
2027,1,Laguna Quiñenco,0.05442681076670864,0.051375317286293534,
2027,1,Lomas Coloradas,0.06779087624446314,0.06560756213798696,
2027,1,Lorenzo Arenas,0.007598270509656248,0.008359785183099665,
2027,1,Los Canelos,0.0645165005863313,0.06220048240754334,
2027,1,Los Cóndores,0.013631906162530637,0.01220379157576104,
2027,1,Manquimávida,0.009609546446525763,0.009375530646725257,
2027,1,Mercado,0.01386737743233404,0.012868321141819182,
2027,1,Pedro Medina,0.0068644943439606036,0.00743147010622915,
2027,1,UTFSM,0.009994112700448884,0.009648936151331368,
2027,2,Alborada,0.012495756241727262,0.01336835406555165,
2027,2,C. Raúl Silva H.,0.04909498298589965,0.04545629203361585,
2027,2,Chiguayante,0.01117514378326875,0.011635821345510944,
2027,2,Concepción,0.2715394751381538,0.2808553162868664,
2027,2,Costa Mar,0.05342025350630855,0.04882129411603468,
2027,2,Cristo Redentor,0.06098039408701204,0.05604319573128176,
2027,2,Diagonal Biobío,0.02889545371011702,0.031672979744833296,
2027,2,El Arenal,0.008576950932217206,0.008231171932098384,
2027,2,El Parque,0.03197919621576852,0.030743464512170554,
2027,2,Higueras,0.013100873520499412,0.012867928627923646,
2027,2,Hito Galvarino,0.029838081509114687,0.03195177690629629,
2027,2,Hualqui,0.015963251792676048,0.020599834418932792,
2027,2,Huinca,0.03785352821989537,0.03561552850728671,
2027,2,Intermodal Coronel,0.07628591009525777,0.06898297137483615,
2027,2,Juan Pablo II,0.037669701317112156,0.05034989718267571,
2027,2,La Leonera,0.01158737649431192,0.010937729295269866,
2027,2,Laguna Quiñenco,0.057282036398969255,0.05404947663084194,
2027,2,Lomas Coloradas,0.06622952715730701,0.06516361621443081,
2027,2,Lorenzo Arenas,0.007635724513401943,0.008567713838236929,
2027,2,Los Canelos,0.06490375338538584,0.0620553237369853,
2027,2,Los Cóndores,0.013395452414821037,0.012166678002378464,
2027,2,Manquimávida,0.009288428447749958,0.009275805612183361,
2027,2,Mercado,0.014313616540488992,0.013718063273133237,
2027,2,Pedro Medina,0.0069641617337455886,0.007671301970127453,
2027,2,UTFSM,0.009530969858790199,0.00919846464049782,
2027,3,Alborada,0.011883560859456103,0.012328353037725198,
2027,3,C. Raúl Silva H.,0.04710137664303658,0.04350458815185752,
2027,3,Chiguayante,0.011850385074444842,0.011233649536276705,
2027,3,Concepción,0.2855955396593602,0.3024942338685273,
2027,3,Costa Mar,0.055689022119367756,0.0497406460292958,
2027,3,Cristo Redentor,0.0621521978848955,0.05632130649786371,
2027,3,Diagonal Biobío,0.02875875293398967,0.03648531562133864,
2027,3,El Arenal,0.0073105149150745775,0.0072147622902392836,
2027,3,El Parque,0.024328893278193788,0.02148857364557546,
2027,3,Higueras,0.01193051481007304,0.012177111113141847,
2027,3,Hito Galvarino,0.027845172036940445,0.02883497561366721,
2027,3,Hualqui,0.014696654469153561,0.018555180969029413,
2027,3,Huinca,0.038273031218660464,0.03657898670668863,
2027,3,Intermodal Coronel,0.07850915081769588,0.06302772933962794,
2027,3,Juan Pablo II,0.03201568015232724,0.04727774971600739,
2027,3,La Leonera,0.011153131702426603,0.009994886094094114,
2027,3,Laguna Quiñenco,0.05487339852539287,0.05293006659015551,
2027,3,Lomas Coloradas,0.06855859495337308,0.06393525657432371,
2027,3,Lorenzo Arenas,0.007183662441561973,0.008113254331755568,
2027,3,Los Canelos,0.064802139069394,0.06457534329199005,
2027,3,Los Cóndores,0.013315318653546349,0.011934311120756696,
2027,3,Manquimávida,0.010393141490944797,0.010323460862328344,
2027,3,Mercado,0.011722864193316047,0.010462831896805398,
2027,3,Pedro Medina,0.0076274551013648445,0.007418003632959919,
2027,3,UTFSM,0.012429846996009786,0.013049423467968614,
2027,4,Alborada,0.011308576380396574,0.011447986578730276,
2027,4,C. Raúl Silva H.,0.045120653270012856,0.04267455069673373,
2027,4,Chiguayante,0.011651326278649957,0.01125441169138811,
2027,4,Concepción,0.2910998827247494,0.3025768607706494,
2027,4,Costa Mar,0.05436080008399554,0.04985921690729915,
2027,4,Cristo Redentor,0.0627390001458719,0.05745231262949412,
2027,4,Diagonal Biobío,0.02729104057045905,0.03552456066801894,
2027,4,El Arenal,0.007625058888920996,0.007809390889931915,
2027,4,El Parque,0.02336714385616816,0.019569912264133738,
2027,4,Higueras,0.012008035416552536,0.012506346490369571,
2027,4,Hito Galvarino,0.028156494304116264,0.029672995819924483,
2027,4,Hualqui,0.014495879751775726,0.018879093827831164,
2027,4,Huinca,0.03783396752295199,0.037123872219649516,
2027,4,Intermodal Coronel,0.07949486252368737,0.06186641474557082,
2027,4,Juan Pablo II,0.032059561255298935,0.0464923508695462,
2027,4,La Leonera,0.010874628513103035,0.01001939206061578,
2027,4,Laguna Quiñenco,0.055894605777390305,0.05400563182322425,
2027,4,Lomas Coloradas,0.06676607278409352,0.06283689594645818,
2027,4,Lorenzo Arenas,0.007234236685453808,0.008388196277141328,
2027,4,Los Canelos,0.06495601223094082,0.06593326011570899,
2027,4,Los Cóndores,0.01306408302889742,0.012141731654643752,
2027,4,Manquimávida,0.010193184572037052,0.010142846919713027,
2027,4,Mercado,0.011589264623614154,0.010329664637652228,
2027,4,Pedro Medina,0.0075651636072361465,0.007217397927766702,
2027,4,UTFSM,0.01325046520362651,0.0142747055678046,
2027,5,Alborada,0.011488283598515957,0.011577271829591932,
2027,5,C. Raúl Silva H.,0.04644921602493074,0.04327442623463962,
2027,5,Chiguayante,0.011191401017416508,0.010867675924826573,
2027,5,Concepción,0.2907018810574274,0.3007278081355827,
2027,5,Costa Mar,0.055680746751589336,0.05040200553716157,
2027,5,Cristo Redentor,0.062036109189324076,0.05705095640581888,
2027,5,Diagonal Biobío,0.027292631515648015,0.03495119322411337,
2027,5,El Arenal,0.007709015282795258,0.007686868925174853,
2027,5,El Parque,0.02412261227976173,0.020887420127671523,
2027,5,Higueras,0.012149258669583536,0.01225309610397059,
2027,5,Hito Galvarino,0.028326144967210934,0.029992986397613892,
2027,5,Hualqui,0.014049881985327115,0.018836287757382324,
2027,5,Huinca,0.037938434473290046,0.03737722996459228,
2027,5,Intermodal Coronel,0.07934573527533244,0.06297828067339323,
2027,5,Juan Pablo II,0.03271319744026861,0.04726949462918108,
2027,5,La Leonera,0.010490756784766696,0.009931962055011427,
2027,5,Laguna Quiñenco,0.05607077552395506,0.05482594051499505,
2027,5,Lomas Coloradas,0.06641296761865731,0.06347125379698168,
2027,5,Lorenzo Arenas,0.007300028782170852,0.008266466869685843,
2027,5,Los Canelos,0.06518468896628088,0.06563752952956564,
2027,5,Los Cóndores,0.012882189528254064,0.011671082292100041,
2027,5,Manquimávida,0.009775392030686801,0.010062675215993959,
2027,5,Mercado,0.011792983558563095,0.010530554996326045,
2027,5,Pedro Medina,0.007132187371437417,0.007081788178165458,
2027,5,UTFSM,0.011763480306806136,0.012387744680460434,
2027,6,Alborada,0.011540645857170448,0.011315095787484583,
2027,6,C. Raúl Silva H.,0.04843951604911722,0.04382656690309392,
2027,6,Chiguayante,0.011450595595029756,0.010684803819528762,
2027,6,Concepción,0.2825327633856987,0.29835771182273474,
2027,6,Costa Mar,0.05540516563660753,0.04950545852424983,
2027,6,Cristo Redentor,0.06321376302209845,0.057416361770803025,
2027,6,Diagonal Biobío,0.026727171539134276,0.036557655764760034,
2027,6,El Arenal,0.007338067421645791,0.007223428979640054,
2027,6,El Parque,0.023840435108146943,0.020387699485050616,
2027,6,Higueras,0.011955787644680442,0.01224568440292125,
2027,6,Hito Galvarino,0.028735786013515407,0.02967784096704645,
2027,6,Hualqui,0.012964280372658133,0.016443089038227093,
2027,6,Huinca,0.03766323997035731,0.03632537944460751,
2027,6,Intermodal Coronel,0.08170906804478086,0.061928395226585664,
2027,6,Juan Pablo II,0.03913846029388438,0.059644799125076066,
2027,6,La Leonera,0.010790481142534508,0.01010919340784038,
2027,6,Laguna Quiñenco,0.05739154952859841,0.054488343600366584,
2027,6,Lomas Coloradas,0.06687882327837966,0.062122275563422334,
2027,6,Lorenzo Arenas,0.006658041765677455,0.008160541328341205,
2027,6,Los Canelos,0.06453497947443244,0.06382183050797424,
2027,6,Los Cóndores,0.012414807443000562,0.011074051421287971,
2027,6,Manquimávida,0.009342828563646516,0.009193984917469407,
2027,6,Mercado,0.011105302986102553,0.010144230176093191,
2027,6,Pedro Medina,0.006671626489663199,0.006795302836836842,
2027,6,UTFSM,0.01155681337343902,0.012550275178558288,
2027,7,Alborada,0.012429098523435803,0.012699718043729546,
2027,7,C. Raúl Silva H.,0.050951498066681554,0.04577607343098791,
2027,7,Chiguayante,0.012557566778336311,0.011699948433246973,
2027,7,Concepción,0.25670323042004,0.2720308193999325,
2027,7,Costa Mar,0.05651419280523282,0.0507793359556275,
2027,7,Cristo Redentor,0.06198705120335584,0.05594320682840933,
2027,7,Diagonal Biobío,0.031923710820427297,0.0423995964213049,
2027,7,El Arenal,0.008312695193049774,0.008394458592663525,
2027,7,El Parque,0.02215783056922187,0.019659788100516523,
2027,7,Higueras,0.01334151404347717,0.013193009407679606,
2027,7,Hito Galvarino,0.031019770030803032,0.03180207850096536,
2027,7,Hualqui,0.01474049246323215,0.019247199346683157,
2027,7,Huinca,0.03796323413115817,0.03648687480376211,
2027,7,Intermodal Coronel,0.07866554710937906,0.0625803915867822,
2027,7,Juan Pablo II,0.04227732663070718,0.06043612758435249,
2027,7,La Leonera,0.011602398439523943,0.01108364511926991,
2027,7,Laguna Quiñenco,0.05576891068560578,0.05252115413796518,
2027,7,Lomas Coloradas,0.07057390260073647,0.06602602076605095,
2027,7,Lorenzo Arenas,0.007771592891343287,0.008979836148719314,
2027,7,Los Canelos,0.06702513109530543,0.06497185809196986,
2027,7,Los Cóndores,0.013795330108279874,0.012439770175147151,
2027,7,Manquimávida,0.010864307079177507,0.010915801359856292,
2027,7,Mercado,0.013084360699502603,0.011749679922136365,
2027,7,Pedro Medina,0.0076225775641294265,0.007684427188202672,
2027,7,UTFSM,0.010346730047857607,0.01049918065403869,
2027,8,Alborada,0.011990243175591109,0.011879925128343004,
2027,8,C. Raúl Silva H.,0.04921702264001818,0.044863179810741616,
2027,8,Chiguayante,0.01202099263471519,0.011363464606658,
2027,8,Concepción,0.2881249004620949,0.3010547294239829,
2027,8,Costa Mar,0.05323231877718362,0.04752473093495777,
2027,8,Cristo Redentor,0.061921013236326095,0.05582186987307275,
2027,8,Diagonal Biobío,0.027652449407258212,0.03695609414826068,
2027,8,El Arenal,0.00782002570841345,0.008043877468373761,
2027,8,El Parque,0.0213353883791421,0.01878091664864054,
2027,8,Higueras,0.012235701527677908,0.012288054390352932,
2027,8,Hito Galvarino,0.028110692269838644,0.029586415867710325,
2027,8,Hualqui,0.014480941104670561,0.018843568009943457,
2027,8,Huinca,0.037664228548713284,0.03733437968943131,
2027,8,Intermodal Coronel,0.07985181911193262,0.0625453377544656,
2027,8,Juan Pablo II,0.03248785766217276,0.049186026536775174,
2027,8,La Leonera,0.011060908606027502,0.010643792656570254,
2027,8,Laguna Quiñenco,0.05507628371429826,0.05251930831252682,
2027,8,Lomas Coloradas,0.06862733188390084,0.06469978859386939,
2027,8,Lorenzo Arenas,0.007173035838562447,0.008400666043765315,
2027,8,Los Canelos,0.0662537976961899,0.06587518777030828,
2027,8,Los Cóndores,0.012878218734057945,0.011644110644724032,
2027,8,Manquimávida,0.010034765719627567,0.010236313560714645,
2027,8,Mercado,0.011825551709519785,0.010264319020949911,
2027,8,Pedro Medina,0.007202537926057334,0.007200962252449918,
2027,8,UTFSM,0.01172197352600978,0.012442980852411543,
2027,9,Alborada,0.011720253278864863,0.011885940140315236,
2027,9,C. Raúl Silva H.,0.04765809288430212,0.04442182051320254,
2027,9,Chiguayante,0.011792677605117909,0.010863177755976177,
2027,9,Concepción,0.28598238978497026,0.2965243430355373,
2027,9,Costa Mar,0.05478566871170361,0.048802666277733824,
2027,9,Cristo Redentor,0.062339736479765664,0.05712301803245617,
2027,9,Diagonal Biobío,0.027894738054822513,0.03674617058850618,
2027,9,El Arenal,0.00784764689791911,0.008126261917259356,
2027,9,El Parque,0.0220305587493455,0.019235433280839542,
2027,9,Higueras,0.012115819611471613,0.012053949451485723,
2027,9,Hito Galvarino,0.029463121923373345,0.0327668539000047,
2027,9,Hualqui,0.014647605248035024,0.018738495393898578,
2027,9,Huinca,0.03789058394767951,0.037002637020872135,
2027,9,Intermodal Coronel,0.08128091091072845,0.0641943233378117,
2027,9,Juan Pablo II,0.03251961519381717,0.04855716682189328,
2027,9,La Leonera,0.011151049411783732,0.010432018115402847,
2027,9,Laguna Quiñenco,0.055709855186243336,0.05370567376332852,
2027,9,Lomas Coloradas,0.06769489220765065,0.06388889114158292,
2027,9,Lorenzo Arenas,0.007082973601615053,0.008381470727736534,
2027,9,Los Canelos,0.06568647227498085,0.06567458629343172,
2027,9,Los Cóndores,0.012672178661758017,0.011472750636592812,
2027,9,Manquimávida,0.009962918306213934,0.009909277051560606,
2027,9,Mercado,0.011533149021069708,0.010280490785674746,
2027,9,Pedro Medina,0.0069437101354465,0.007075416145121208,
2027,9,UTFSM,0.011593381911321705,0.01213716787177563,
2027,10,Alborada,0.011418678935562677,0.011759830457055129,
2027,10,C. Raúl Silva H.,0.04617116589497507,0.043786026381637734,
2027,10,Chiguayante,0.012553299607161603,0.011315158868114426,
2027,10,Concepción,0.2861655474562879,0.29440875858443905,
2027,10,Costa Mar,0.053883738789686664,0.04869022782811043,
2027,10,Cristo Redentor,0.062441763597856116,0.057577072477668786,
2027,10,Diagonal Biobío,0.02858909405414144,0.03634542589754246,
2027,10,El Arenal,0.00815376329500711,0.008017969769595255,
2027,10,El Parque,0.02255237827058175,0.020262266203801865,
2027,10,Higueras,0.012735648869699195,0.012512268654023422,
2027,10,Hito Galvarino,0.028093960674688317,0.029992659362563304,
2027,10,Hualqui,0.014790448583840326,0.019251956772471514,
2027,10,Huinca,0.03773682452061216,0.03717485322477996,
2027,10,Intermodal Coronel,0.08171472260303751,0.06537169018985882,
2027,10,Juan Pablo II,0.03218146391832393,0.04727285150492885,
2027,10,La Leonera,0.011632412998970276,0.010742758996300917,
2027,10,Laguna Quiñenco,0.05575103871323245,0.053813499132253556,
2027,10,Lomas Coloradas,0.06478611668064162,0.06341928841003183,
2027,10,Lorenzo Arenas,0.00731383002011408,0.008511520474998308,
2027,10,Los Canelos,0.06581120095348525,0.06639255078152298,
2027,10,Los Cóndores,0.013272096606633818,0.011810911786836369,
2027,10,Manquimávida,0.010658084575688452,0.010475696465784064,
2027,10,Mercado,0.011934078812342616,0.010805796331921101,
2027,10,Pedro Medina,0.0075921908732699585,0.00759319074511091,
2027,10,UTFSM,0.012066450694159701,0.012695770698649108,
2027,11,Alborada,0.011910272466597283,0.011851622131672481,
2027,11,C. Raúl Silva H.,0.046856191505186856,0.04434946528577683,
2027,11,Chiguayante,0.012037664313627716,0.011186538421657132,
2027,11,Concepción,0.2848880778185859,0.29032785851101034,
2027,11,Costa Mar,0.05427947861613138,0.04907545960800222,
2027,11,Cristo Redentor,0.06196245277019419,0.0571695437665314,
2027,11,Diagonal Biobío,0.028587334603290954,0.0369450901955367,
2027,11,El Arenal,0.007929009346641171,0.007740817782949652,
2027,11,El Parque,0.024072178541239792,0.02159089001323958,
2027,11,Higueras,0.012300650985242271,0.012334171836383485,
2027,11,Hito Galvarino,0.027632723959122363,0.02991280373347354,
2027,11,Hualqui,0.015093923653696306,0.018419698968898023,
2027,11,Huinca,0.03792483303711302,0.03781617016696707,
2027,11,Intermodal Coronel,0.0797693005562438,0.06523505522245528,
2027,11,Juan Pablo II,0.03274151409563671,0.048578473018385,
2027,11,La Leonera,0.011193457397507975,0.010243362774688765,
2027,11,Laguna Quiñenco,0.0566431036317947,0.05449660236117733,
2027,11,Lomas Coloradas,0.06567144564129969,0.06427865018590093,
2027,11,Lorenzo Arenas,0.007177905730224494,0.008312007137515417,
2027,11,Los Canelos,0.06678046006360415,0.06748793216874435,
2027,11,Los Cóndores,0.013068276235529286,0.01163763347908629,
2027,11,Manquimávida,0.01056902797747311,0.010667883111729568,
2027,11,Mercado,0.01176156921457057,0.010640697359394139,
2027,11,Pedro Medina,0.0072215508908859095,0.007451657855625243,
2027,11,UTFSM,0.011927596948560368,0.012249914903199394,
2027,12,Alborada,0.012299922725748702,0.012465427925121597,
2027,12,C. Raúl Silva H.,0.0475245956725125,0.044685106358811476,
2027,12,Chiguayante,0.011384169207240932,0.011508582695721267,
2027,12,Concepción,0.2779242155123784,0.2869427305050957,
2027,12,Costa Mar,0.05337625205927171,0.04791095285857677,
2027,12,Cristo Redentor,0.060254899016143615,0.0571369154952772,
2027,12,Diagonal Biobío,0.028467608201850528,0.03308353540070575,
2027,12,El Arenal,0.0082717600031938,0.008061409177167687,
2027,12,El Parque,0.032292521141861576,0.030215076156652462,
2027,12,Higueras,0.0121917178331697,0.01212253534205622,
2027,12,Hito Galvarino,0.028208328005441135,0.030290625051853638,
2027,12,Hualqui,0.014798835101429986,0.018349228728265148,
2027,12,Huinca,0.03867210250840647,0.03717161042580399,
2027,12,Intermodal Coronel,0.07752632906707997,0.0659683490972956,
2027,12,Juan Pablo II,0.03362131406187983,0.04741311318579647,
2027,12,La Leonera,0.011377232089436426,0.010291229174937779,
2027,12,Laguna Quiñenco,0.05938972659322309,0.05770721604395359,
2027,12,Lomas Coloradas,0.06751244057985968,0.0656120883124887,
2027,12,Lorenzo Arenas,0.007294203657667112,0.008290029885901154,
2027,12,Los Canelos,0.06564716553851214,0.06569304592028548,
2027,12,Los Cóndores,0.013413625379603292,0.011777819882437202,
2027,12,Manquimávida,0.009963783214375516,0.009794669303369483,
2027,12,Mercado,0.012110846698403455,0.011112110937747813,
2027,12,Pedro Medina,0.0067538270693717345,0.007129853753542831,
2027,12,UTFSM,0.009722579061938677,0.009266738381135037,
