afl,afl_base_sin_estacionalidad,demanda_base_mensual,demanda_base_ta_mes,dt,elasticidad,f_sup_base,f_sup_plan,factor_estacionalidad,factor_recuperacion_laja,fuerza_estacionalidad,mes,n_dias,n_dias_mes,nivel_factor,participacion_demanda_historica,participacion_historica_utilizada,pax_por_viaje_base,pax_por_viaje_resultante,pax_x_viaje,periodo,ratio_oferta_operada,servicio,servicios_dia,servicios_dia_plan,tasa_sup,tasa_sup_original,unit,variacion_pct_demanda,variacion_pct_oferta_operada,variacion_servicios_dia,viajes_operados_base,viajes_operados_plan,viajes_programados_base,viajes_programados_plan
0.0,0.0,0.0,,Dom,0.55,1.0,1.0,1.1145588324006248,1.0,0.55,1,5.0,,1.004,,0.07203324264547414,,,414.1,2027-01,,BIOTREN,0.0,0.0,0.0,0.0,BIOTREN_L1,,,0.0,0.0,0.0,0.0,0.0
154698.65492202292,153626.7756672,154698.65492202292,,LV,0.55,0.9713,0.9713,1.1145588324006248,1.0,0.55,1,20.0,,1.004,,0.07203324264547414,183.63070081453031,183.63070081453031,164.1,2027-01,1.0,BIOTREN,48.0,48.0,0.0287,0.0287,BIOTREN_L1,0.0,0.0,0.0,932.4480000000001,932.4480000000001,960.0,960.0
17251.790564954328,17132.256,17251.790564954328,,Sab,0.55,1.0,1.0,1.1145588324006248,1.0,0.55,1,5.0,,1.004,,0.07203324264547414,477.37268109371496,477.37268109371496,426.6,2027-01,1.0,BIOTREN,8.0,8.0,0.0,0.0,BIOTREN_L1,0.0,0.0,0.0,40.0,40.0,40.0,40.0
0.0,0.0,0.0,,Dom,0.55,1.0,1.0,1.0603521975225711,1.0,0.55,2,4.0,,1.004,,0.06485400683704386,,,414.1,2027-02,,BIOTREN,0.0,0.0,0.0,0.0,BIOTREN_L1,,,0.0,0.0,0.0,0.0,0.0
148703.636130546,153250.56,148703.636130546,,LV,0.55,1.0,1.0,1.0603521975225711,1.0,0.55,2,20.0,,1.004,,0.06485400683704386,169.27038340371317,169.27038340371317,159.0,2027-02,1.0,BIOTREN,48.0,48.0,0.0,0.0,BIOTREN_L1,0.0,0.0,0.0,960.0,960.0,960.0,960.0
14128.40417072609,14560.409599999999,14128.40417072609,,Sab,0.55,1.0,1.0,1.0603521975225711,1.0,0.55,2,4.0,,1.004,,0.06485400683704386,482.4738223808981,482.4738223808981,453.2,2027-02,1.0,BIOTREN,8.0,8.0,0.0,0.0,BIOTREN_L1,0.0,0.0,0.0,32.0,32.0,32.0,32.0
0.0,0.0,0.0,,Dom,0.55,1.0,1.0,1.1249019232405846,1.0,0.55,3,4.0,,1.004,,0.09828478786854365,,,459.5,2027-03,,BIOTREN,0.0,0.0,0.0,0.0,BIOTREN_L1,,,0.0,0.0,0.0,0.0,0.0
261102.32858129492,235577.65913088003,261102.32858129492,,LV,0.55,0.9754,0.9754,1.1249019232405846,1.0,0.55,3,22.0,,1.004,,0.09828478786854365,257.277668746662,257.277668746662,227.8,2027-03,1.0,BIOTREN,48.0,48.0,0.0246,0.0246,BIOTREN_L1,0.0,0.0,0.0,1030.0224,1030.0224,1056.0,1056.0
13802.066084970054,12452.8128,13802.066084970054,,Sab,0.55,1.0,1.0,1.1249019232405846,1.0,0.55,3,3.0,,1.004,,0.09828478786854365,583.6747111864571,583.6747111864571,516.8,2027-03,1.0,BIOTREN,8.0,8.0,0.0,0.0,BIOTREN_L1,0.0,0.0,0.0,24.0,24.0,24.0,24.0
0.0,0.0,0.0,,Dom,0.55,1.0,1.0,0.9333787380395858,1.0,0.55,4,4.0,,1.004,,0.09702542736958793,,,414.1,2027-04,,BIOTREN,0.0,0.0,0.0,0.0,BIOTREN_L1,,,0.0,0.0,0.0,0.0,0.0
224684.66114913885,244316.91592703995,224684.66114913885,,LV,0.55,0.9398,0.9398,0.9333787380395858,1.0,0.55,4,22.0,,1.004,,0.09702542736958793,229.77992443357564,229.77992443357564,245.2,2027-04,1.0,BIOTREN,48.0,48.0,0.0602,0.0602,BIOTREN_L1,0.0,0.0,0.0,992.4287999999999,992.4287999999999,1056.0,1056.0
13446.535846323419,14621.452800000001,13446.535846323419,,Sab,0.55,1.0,1.0,0.9333787380395858,1.0,0.55,4,4.0,,1.004,,0.09702542736958793,426.4797863365428,426.4797863365428,455.1,2027-04,1.0,BIOTREN,8.0,8.0,0.0,0.0,BIOTREN_L1,0.0,0.0,0.0,32.0,32.0,32.0,32.0
0.0,0.0,0.0,,Dom,0.55,1.0,1.0,0.9708912435900793,1.0,0.55,5,5.0,,1.004,,0.08933552600223983,,,414.1,2027-05,,BIOTREN,0.0,0.0,0.0,0.0,BIOTREN_L1,,,0.0,0.0,0.0,0.0,0.0
207462.45230049742,216873.7251456,207462.45230049742,,LV,0.55,0.9943,0.9943,0.9708912435900793,1.0,0.55,5,20.0,,1.004,,0.08933552600223983,220.5915391781327,220.5915391781327,226.3,2027-05,1.0,BIOTREN,48.0,48.0,0.0057,0.0057,BIOTREN_L1,0.0,0.0,0.0,954.528,954.528,960.0,960.0
13250.647314077814,13851.746240000002,13250.647314077814,,Sab,0.55,0.925,0.925,0.9708912435900793,1.0,0.55,5,4.0,,1.004,,0.08933552600223983,454.34253827188536,454.34253827188536,466.1,2027-05,1.0,BIOTREN,8.0,8.0,0.075,0.075,BIOTREN_L1,0.0,0.0,0.0,29.6,29.6,32.0,32.0
0.0,0.0,0.0,,Dom,0.55,1.0,1.0,0.8947795767987947,1.0,0.55,6,4.0,,1.004,,0.07268570000023555,,,414.1,2027-06,,BIOTREN,0.0,0.0,0.0,0.0,BIOTREN_L1,,,0.0,0.0,0.0,0.0,0.0
178650.54747361,202640.5263744,178650.54747361,,LV,0.55,0.9587,0.9587,0.8947795767987947,1.0,0.55,6,20.0,,1.004,,0.07268570000023555,197.0100618367436,197.0100618367436,219.3,2027-06,1.0,BIOTREN,48.0,48.0,0.0413,0.0413,BIOTREN_L1,0.0,0.0,0.0,920.352,920.352,960.0,960.0
10133.86642303826,11494.68644352,10133.86642303826,,Sab,0.55,0.9688,0.9688,0.8947795767987947,1.0,0.55,6,4.0,,1.004,,0.07268570000023555,331.7638661026421,331.7638661026421,369.3,2027-06,1.0,BIOTREN,8.0,8.0,0.0312,0.0312,BIOTREN_L1,0.0,0.0,0.0,31.0016,31.0016,32.0,32.0
0.0,0.0,0.0,,Dom,0.55,1.0,1.0,1.0118721340249777,1.0,0.55,7,4.0,,1.004,,0.07800326894009954,,,414.1,2027-07,,BIOTREN,0.0,0.0,0.0,0.0,BIOTREN_L1,,,0.0,0.0,0.0,0.0,0.0
179406.00353361762,179948.96462592002,179406.00353361762,,LV,0.55,0.9727,0.9727,1.0118721340249777,1.0,0.55,7,21.0,,1.004,,0.07800326894009954,185.710107004165,185.710107004165,182.8,2027-07,1.0,BIOTREN,48.0,48.0,0.0273,0.0273,BIOTREN_L1,0.0,0.0,0.0,980.4816,980.4816,1008.0,1008.0
12916.524941991229,12955.616,12916.524941991229,,Sab,0.55,1.0,1.0,1.0118721340249777,1.0,0.55,7,5.0,,1.004,,0.07800326894009954,327.7356702382036,327.7356702382036,322.6,2027-07,1.0,BIOTREN,8.0,8.0,0.0,0.0,BIOTREN_L1,0.0,0.0,0.0,40.0,40.0,40.0,40.0
0.0,0.0,0.0,,Dom,0.55,1.0,1.0,0.9164882400259583,1.0,0.55,8,4.0,,1.004,,0.08377876451811565,,,414.1,2027-08,,BIOTREN,0.0,0.0,0.0,0.0,BIOTREN_L1,,,0.0,0.0,0.0,0.0,0.0
203499.3117904045,225358.56288,203499.3117904045,,LV,0.55,0.9447,0.9447,0.9164882400259583,1.0,0.55,8,22.0,,1.004,,0.08377876451811565,207.03469342186398,207.03469342186398,225.0,2027-08,1.0,BIOTREN,48.0,48.0,0.0553,0.0553,BIOTREN_L1,0.0,0.0,0.0,997.6032,997.6032,1056.0,1056.0
12437.2984229289,13773.2736,12437.2984229289,,Sab,0.55,1.0,1.0,0.9164882400259583,1.0,0.55,8,4.0,,1.004,,0.08377876451811565,394.4701025331249,394.4701025331249,428.7,2027-08,1.0,BIOTREN,8.0,8.0,0.0,0.0,BIOTREN_L1,0.0,0.0,0.0,32.0,32.0,32.0,32.0
0.0,0.0,0.0,,Dom,0.55,1.0,1.0,0.9485488022056066,1.0,0.55,9,3.0,,1.004,,0.08089094603456762,,,414.1,2027-09,,BIOTREN,0.0,0.0,0.0,0.0,BIOTREN_L1,,,0.0,0.0,0.0,0.0,0.0
200546.01711930864,214581.5497728,200546.01711930864,,LV,0.55,0.978,0.978,0.9485488022056066,1.0,0.55,9,21.0,,1.004,,0.08089094603456762,206.4679618394482,206.4679618394482,216.8,2027-09,1.0,BIOTREN,48.0,48.0,0.022,0.022,BIOTREN_L1,0.0,0.0,0.0,985.824,985.824,1008.0,1008.0
9053.003145501563,9686.592,9053.003145501563,,Sab,0.55,1.0,1.0,0.9485488022056066,1.0,0.55,9,3.0,,1.004,,0.08089094603456762,382.8418849606005,382.8418849606005,402.0,2027-09,1.0,BIOTREN,8.0,8.0,0.0,0.0,BIOTREN_L1,0.0,0.0,0.0,24.0,24.0,24.0,24.0
0.0,0.0,0.0,,Dom,0.55,1.0,1.0,1.0325657349757664,1.0,0.55,10,4.0,,1.004,,0.09371950082162311,,,414.1,2027-10,,BIOTREN,0.0,0.0,0.0,0.0,BIOTREN_L1,,,0.0,0.0,0.0,0.0,0.0
202401.2864478296,198945.25056,202401.2864478296,,LV,0.55,0.9829,0.9829,1.0325657349757664,1.0,0.55,10,20.0,,1.004,,0.09371950082162311,217.7061595622906,217.7061595622906,210.0,2027-10,1.0,BIOTREN,48.0,48.0,0.0171,0.0171,BIOTREN_L1,0.0,0.0,0.0,943.584,943.584,960.0,960.0
17454.38861082301,17156.352,17454.38861082301,,Sab,0.55,1.0,1.0,1.0325657349757664,1.0,0.55,10,5.0,,1.004,,0.09371950082162311,442.876530309574,442.876530309574,427.2,2027-10,1.0,BIOTREN,8.0,8.0,0.0,0.0,BIOTREN_L1,0.0,0.0,0.0,40.0,40.0,40.0,40.0
0.0,0.0,0.0,,Dom,0.55,1.0,1.0,1.0317709496858245,1.0,0.55,11,4.0,,1.004,,0.08738406260240228,,,404.4,2027-11,,BIOTREN,0.0,0.0,0.0,0.0,BIOTREN_L1,,,0.0,0.0,0.0,0.0,0.0
210701.81079607888,207263.57674176,210701.81079607888,,LV,0.55,0.9757,0.9757,1.0317709496858245,1.0,0.55,11,21.0,,1.004,,0.08738406260240228,217.4349972284108,217.4349972284108,209.9,2027-11,1.0,BIOTREN,48.0,48.0,0.0243,0.0243,BIOTREN_L1,0.0,0.0,0.0,983.5056,983.5056,1008.0,1008.0
14658.23968780596,14419.046400000001,14658.23968780596,,Sab,0.55,1.0,1.0,1.0317709496858245,1.0,0.55,11,4.0,,1.004,,0.08738406260240228,464.9110374278741,464.9110374278741,448.8,2027-11,1.0,BIOTREN,8.0,8.0,0.0,0.0,BIOTREN_L1,0.0,0.0,0.0,32.0,32.0,32.0,32.0
0.0,0.0,0.0,,Dom,0.55,1.0,1.0,1.0582949616267823,1.0,0.55,12,4.0,,1.004,,0.08200476636006694,,,378.6,2027-12,,BIOTREN,0.0,0.0,0.0,0.0,BIOTREN_L1,,,0.0,0.0,0.0,0.0,0.0
206603.58827642415,198138.62635776,206603.58827642415,,LV,0.55,0.9909,0.9909,1.0582949616267823,1.0,0.55,12,22.0,,1.004,,0.08200476636006694,200.39280748186238,200.39280748186238,188.6,2027-12,1.0,BIOTREN,48.0,48.0,0.0091,0.0091,BIOTREN_L1,0.0,0.0,0.0,1046.3904,1046.3904,1056.0,1056.0
11494.068462921816,11023.133506560001,11494.068462921816,,Sab,0.55,0.9688,0.9688,1.0582949616267823,1.0,0.55,12,3.0,,1.004,,0.08200476636006694,501.7257884036873,501.7257884036873,472.2,2027-12,1.0,BIOTREN,8.0,8.0,0.0312,0.0312,BIOTREN_L1,0.0,0.0,0.0,23.2512,23.2512,24.0,24.0
33662.42490920765,33429.184,33662.42490920765,,Dom,0.55,1.0,1.0,1.1145588324006248,1.0,0.55,1,5.0,,1.004,,0.07203324264547414,232.8674517946603,232.8674517946603,208.1,2027-01,1.0,BIOTREN,32.0,32.0,0.0,0.0,BIOTREN_L2,0.0,0.0,0.0,160.0,160.0,160.0,160.0
501372.5382937249,497898.61783199996,501372.5382937249,,LV,0.55,0.9933,0.9933,1.1145588324006248,1.0,0.55,1,20.0,,1.004,,0.07203324264547414,263.52851945046854,263.52851945046854,235.5,2027-01,1.0,BIOTREN,106.0,106.0,0.0067,0.0067,BIOTREN_L2,0.0,0.0,0.0,2105.796,2105.796,2120.0,2120.0
69019.89061148485,68541.66415920001,69019.89061148485,,Sab,0.55,0.9962,0.9962,1.1145588324006248,1.0,0.55,1,5.0,,1.004,,0.07203324264547414,289.37781371503684,289.37781371503684,258.6,2027-01,1.0,BIOTREN,53.0,53.0,0.0038,0.0038,BIOTREN_L2,0.0,0.0,0.0,263.993,263.993,265.0,265.0
30246.526589402518,31171.37723392,30246.526589402518,,Dom,0.55,0.9844,0.9844,1.0603521975225711,1.0,0.55,2,4.0,,1.004,,0.06485400683704386,262.3158645954398,262.3158645954398,246.4,2027-02,1.0,BIOTREN,32.0,32.0,0.0156,0.0156,BIOTREN_L2,0.0,0.0,0.0,126.0032,126.0032,128.0,128.0
487511.2398873498,502417.91299200006,487511.2398873498,,LV,0.55,0.9985,0.9985,1.0603521975225711,1.0,0.55,2,20.0,,1.004,,0.06485400683704386,251.66992853231315,251.66992853231315,236.4,2027-02,1.0,BIOTREN,106.0,106.0,0.0015,0.0015,BIOTREN_L2,0.0,0.0,0.0,2116.82,2116.82,2120.0,2120.0
56528.60917366512,58257.089317440004,56528.60917366512,,Sab,0.55,0.9906,0.9906,1.0603521975225711,1.0,0.55,2,4.0,,1.004,,0.06485400683704386,294.14721342418835,294.14721342418835,276.3,2027-02,1.0,BIOTREN,53.0,53.0,0.0094,0.0094,BIOTREN_L2,0.0,0.0,0.0,210.0072,210.0072,212.0,212.0
34327.11998429084,30971.392,34327.11998429084,,Dom,0.55,1.0,1.0,1.1249019232405846,1.0,0.55,3,4.0,,1.004,,0.09828478786854365,272.1857689549848,272.1857689549848,241.0,2027-03,1.0,BIOTREN,32.0,32.0,0.0,0.0,BIOTREN_L2,0.0,0.0,0.0,128.0,128.0,128.0,128.0
866506.7361166946,781799.34137184,866506.7361166946,,LV,0.55,0.9882,0.9882,1.1249019232405846,1.0,0.55,3,22.0,,1.004,,0.09828478786854365,381.6247773024455,381.6247773024455,337.9,2027-03,1.0,BIOTREN,106.0,106.0,0.0118,0.0118,BIOTREN_L2,0.0,0.0,0.0,2304.4824,2304.4824,2332.0,2332.0
59643.927364043266,53813.295600000005,59643.927364043266,,Sab,0.55,1.0,1.0,1.1249019232405846,1.0,0.55,3,3.0,,1.004,,0.09828478786854365,380.7212560776987,380.7212560776987,337.1,2027-03,1.0,BIOTREN,53.0,53.0,0.0,0.0,BIOTREN_L2,0.0,0.0,0.0,159.0,159.0,159.0,159.0
29274.506078965594,31832.4224,29274.506078965594,,Dom,0.55,1.0,1.0,0.9333787380395858,1.0,0.55,4,4.0,,1.004,,0.09702542736958793,232.12270506605503,232.12270506605503,247.7,2027-04,1.0,BIOTREN,32.0,32.0,0.0,0.0,BIOTREN_L2,0.0,0.0,0.0,128.0,128.0,128.0,128.0
894789.8877830704,972973.8766668801,894789.8877830704,,LV,0.55,0.9808,0.9808,0.9333787380395858,1.0,0.55,4,22.0,,1.004,,0.09702542736958793,397.05446159260197,397.05446159260197,423.7,2027-04,1.0,BIOTREN,106.0,106.0,0.0192,0.0192,BIOTREN_L2,0.0,0.0,0.0,2287.2256,2287.2256,2332.0,2332.0
63342.90457952201,68877.61280000002,63342.90457952201,,Sab,0.55,1.0,1.0,0.9333787380395858,1.0,0.55,4,4.0,,1.004,,0.09702542736958793,303.2495250681285,303.2495250681285,323.6,2027-04,1.0,BIOTREN,53.0,53.0,0.0,0.0,BIOTREN_L2,0.0,0.0,0.0,212.0,212.0,212.0,212.0
36250.516956585765,37894.976,36250.516956585765,,Dom,0.55,1.0,1.0,0.9708912435900793,1.0,0.55,5,5.0,,1.004,,0.08933552600223983,229.9493773403513,229.9493773403513,235.9,2027-05,1.0,BIOTREN,32.0,32.0,0.0,0.0,BIOTREN_L2,0.0,0.0,0.0,160.0,160.0,160.0,160.0
857011.4005039944,895888.6432632002,857011.4005039944,,LV,0.55,0.9981,0.9981,0.9708912435900793,1.0,0.55,5,20.0,,1.004,,0.08933552600223983,399.7551489922767,399.7551489922767,410.1,2027-05,1.0,BIOTREN,109.0,109.0,0.0019,0.0019,BIOTREN_L2,0.0,0.0,0.0,2175.858,2175.858,2180.0,2180.0
61022.34383108351,63790.5456,61022.34383108351,,Sab,0.55,1.0,1.0,0.9708912435900793,1.0,0.55,5,4.0,,1.004,,0.08933552600223983,292.14001012676255,292.14001012676255,299.7,2027-05,1.0,BIOTREN,53.0,53.0,0.0,0.0,BIOTREN_L2,0.0,0.0,0.0,212.0,212.0,212.0,212.0
25276.75385350681,28671.0272,25276.75385350681,,Dom,0.55,1.0,1.0,0.8947795767987947,1.0,0.55,6,4.0,,1.004,,0.07268570000023555,200.42382487814635,200.42382487814635,223.1,2027-06,1.0,BIOTREN,32.0,32.0,0.0,0.0,BIOTREN_L2,0.0,0.0,0.0,128.0,128.0,128.0,128.0
760257.0225547127,862347.6692848001,760257.0225547127,,LV,0.55,0.9818,0.9818,0.8947795767987947,1.0,0.55,6,20.0,,1.004,,0.07268570000023555,360.51134434603375,360.51134434603375,401.3,2027-06,1.0,BIOTREN,109.0,109.0,0.0182,0.0182,BIOTREN_L2,0.0,0.0,0.0,2140.324,2140.324,2180.0,2180.0
47726.56595819772,54135.498516960004,47726.56595819772,,Sab,0.55,0.9667,0.9667,0.8947795767987947,1.0,0.55,6,4.0,,1.004,,0.07268570000023555,236.35817268238594,236.35817268238594,263.1,2027-06,1.0,BIOTREN,53.0,53.0,0.0333,0.0333,BIOTREN_L2,0.0,0.0,0.0,204.9404,204.9404,212.0,212.0
18783.013579624687,18839.8592,18783.013579624687,,Dom,0.55,1.0,1.0,1.0118721340249777,1.0,0.55,7,4.0,,1.004,,0.07800326894009954,148.93381666745395,148.93381666745395,146.6,2027-07,1.0,BIOTREN,32.0,32.0,0.0,0.0,BIOTREN_L2,0.0,0.0,0.0,128.0,128.0,128.0,128.0
724318.6652076093,726510.7705212,724318.6652076093,,LV,0.55,0.973,0.973,1.0118721340249777,1.0,0.55,7,21.0,,1.004,,0.07800326894009954,330.0722853700941,330.0722853700941,324.9,2027-07,1.0,BIOTREN,109.0,109.0,0.027,0.027,BIOTREN_L2,0.0,0.0,0.0,2227.197,2227.197,2289.0,2289.0
56400.673556368754,56571.36668099999,56400.673556368754,,Sab,0.55,0.9885,0.9885,1.0118721340249777,1.0,0.55,7,5.0,,1.004,,0.07800326894009954,218.52431081288776,218.52431081288776,215.1,2027-07,1.0,BIOTREN,53.0,53.0,0.0115,0.0115,BIOTREN_L2,0.0,0.0,0.0,261.9525,261.9525,265.0,265.0
30485.451791027954,33760.102399999996,30485.451791027954,,Dom,0.55,1.0,1.0,0.9164882400259583,1.0,0.55,8,4.0,,1.004,,0.08377876451811565,241.72450649743848,241.72450649743848,262.7,2027-08,1.0,BIOTREN,32.0,32.0,0.0,0.0,BIOTREN_L2,0.0,0.0,0.0,128.0,128.0,128.0,128.0
850121.6203393067,941438.99036968,850121.6203393067,,LV,0.55,0.9907,0.9907,0.9164882400259583,1.0,0.55,8,22.0,,1.004,,0.08377876451811565,363.1848599715987,363.1848599715987,394.7,2027-08,1.0,BIOTREN,109.0,109.0,0.0093,0.0093,BIOTREN_L2,0.0,0.0,0.0,2375.6986,2375.6986,2398.0,2398.0
58602.46423052371,64897.3552,58602.46423052371,,Sab,0.55,1.0,1.0,0.9164882400259583,1.0,0.55,8,4.0,,1.004,,0.08377876451811565,280.55501344145034,280.55501344145034,304.9,2027-08,1.0,BIOTREN,53.0,53.0,0.0,0.0,BIOTREN_L2,0.0,0.0,0.0,212.0,212.0,212.0,212.0
23916.142638116064,25589.952,23916.142638116064,,Dom,0.55,1.0,1.0,0.9485488022056066,1.0,0.55,9,3.0,,1.004,,0.08089094603456762,252.8470658135309,252.8470658135309,265.5,2027-09,1.0,BIOTREN,32.0,32.0,0.0,0.0,BIOTREN_L2,0.0,0.0,0.0,96.0,96.0,96.0,96.0
808219.313771636,864783.8306469601,808219.313771636,,LV,0.55,0.9926,0.9926,0.9485488022056066,1.0,0.55,9,21.0,,1.004,,0.08089094603456762,361.03323031981006,361.03323031981006,379.1,2027-09,1.0,BIOTREN,109.0,109.0,0.0074,0.0074,BIOTREN_L2,0.0,0.0,0.0,2272.0614,2272.0614,2289.0,2289.0
42654.67685411739,45639.9324,42654.67685411739,,Sab,0.55,1.0,1.0,0.9485488022056066,1.0,0.55,9,3.0,,1.004,,0.08089094603456762,272.27486296078524,272.27486296078524,285.9,2027-09,1.0,BIOTREN,53.0,53.0,0.0,0.0,BIOTREN_L2,0.0,0.0,0.0,159.0,159.0,159.0,159.0
37301.40127841053,36664.473600000005,37301.40127841053,,Dom,0.55,1.0,1.0,1.0325657349757664,1.0,0.55,10,4.0,,1.004,,0.09371950082162311,295.7693682053405,295.7693682053405,285.3,2027-10,1.0,BIOTREN,32.0,32.0,0.0,0.0,BIOTREN_L2,0.0,0.0,0.0,128.0,128.0,128.0,128.0
832693.5082905196,818475.1270800001,832693.5082905196,,LV,0.55,0.9906,0.9906,1.0325657349757664,1.0,0.55,10,20.0,,1.004,,0.09371950082162311,391.35273921316525,391.35273921316525,377.5,2027-10,1.0,BIOTREN,109.0,109.0,0.0094,0.0094,BIOTREN_L2,0.0,0.0,0.0,2159.5080000000003,2159.5080000000003,2180.0,2180.0
82233.17321462595,80829.028,82233.17321462595,,Sab,0.55,1.0,1.0,1.0325657349757664,1.0,0.55,10,5.0,,1.004,,0.09371950082162311,314.9482441667804,314.9482441667804,303.8,2027-10,1.0,BIOTREN,53.0,53.0,0.0,0.0,BIOTREN_L2,0.0,0.0,0.0,265.0,265.0,265.0,265.0
36136.08821432379,35546.419200000004,36136.08821432379,,Dom,0.55,1.0,1.0,1.0317709496858245,1.0,0.55,11,4.0,,1.004,,0.08738406260240228,286.5293960618315,286.5293960618315,276.6,2027-11,1.0,BIOTREN,32.0,32.0,0.0,0.0,BIOTREN_L2,0.0,0.0,0.0,128.0,128.0,128.0,128.0
765225.6883725096,752738.72866836,765225.6883725096,,LV,0.55,0.9839,0.9839,1.0317709496858245,1.0,0.55,11,21.0,,1.004,,0.08738406260240228,344.85045534701266,344.85045534701266,332.9,2027-11,1.0,BIOTREN,109.0,109.0,0.0161,0.0161,BIOTREN_L2,0.0,0.0,0.0,2252.1471,2252.1471,2289.0,2289.0
66817.79579615292,65727.4624,66817.79579615292,,Sab,0.55,1.0,1.0,1.0317709496858245,1.0,0.55,11,4.0,,1.004,,0.08738406260240228,319.8853127400345,319.8853127400345,308.8,2027-11,1.0,BIOTREN,53.0,53.0,0.0,0.0,BIOTREN_L2,0.0,0.0,0.0,212.0,212.0,212.0,212.0
39745.095182048804,38116.6592,39745.095182048804,,Dom,0.55,1.0,1.0,1.0582949616267823,1.0,0.55,12,4.0,,1.004,,0.08200476636006694,315.14584676097763,315.14584676097763,296.6,2027-12,1.0,BIOTREN,32.0,32.0,0.0,0.0,BIOTREN_L2,0.0,0.0,0.0,128.0,128.0,128.0,128.0
695702.47559856,667198.1547791999,695702.47559856,,LV,0.55,0.999,0.999,1.0582949616267823,1.0,0.55,12,22.0,,1.004,,0.08200476636006694,294.7453064446904,294.7453064446904,277.4,2027-12,1.0,BIOTREN,109.0,109.0,0.001,0.001,BIOTREN_L2,0.0,0.0,0.0,2395.602,2395.602,2398.0,2398.0
51584.72570670176,49471.1964,51584.72570670176,,Sab,0.55,1.0,1.0,1.0582949616267823,1.0,0.55,12,3.0,,1.004,,0.08200476636006694,329.2774710425724,329.2774710425724,309.9,2027-12,1.0,BIOTREN,53.0,53.0,0.0,0.0,BIOTREN_L2,0.0,0.0,0.0,159.0,159.0,159.0,159.0
9803.058103942327,8775.94608,9803.058103942327,,Dom,0.38,0.99,0.99,1.1170371848891678,1.133,0.55,1,6.0,,1.133,,0.12017266678902905,165.0346482145173,165.0346482145173,130.4,2027-01,1.0,CORTO_LAJA,10.0,10.0,0.01,0.075,CORTO_LAJA,0.0,0.0,0.0,59.4,59.4,60.0,60.0
36226.62400684312,32430.992000000002,36226.62400684312,,LV,0.38,1.0,1.0,1.1170371848891678,1.133,0.55,1,20.0,,1.133,,0.12017266678902905,226.4164000427695,226.4164000427695,178.9,2027-01,1.0,CORTO_LAJA,8.0,8.0,0.0,0.0,CORTO_LAJA,0.0,0.0,0.0,160.0,160.0,160.0,160.0
13487.975522614923,12074.77755,13487.975522614923,,Sab,0.38,0.99,0.99,1.1170371848891678,1.133,0.55,1,5.0,,1.133,,0.12017266678902905,272.48435399222063,272.48435399222063,215.3,2027-01,1.0,CORTO_LAJA,10.0,10.0,0.01,0.02,CORTO_LAJA,0.0,0.0,0.0,49.5,49.5,50.0,50.0
9180.283799099356,8733.164,9180.283799099356,,Dom,0.38,1.0,1.0,1.0511979162534169,1.133,0.55,2,4.0,,1.133,,0.12433909397920652,229.5070949774839,229.5070949774839,192.7,2027-02,1.0,CORTO_LAJA,10.0,10.0,0.0,0.0,CORTO_LAJA,0.0,0.0,0.0,40.0,40.0,40.0,40.0
42666.6433340601,40588.592,42666.6433340601,,LV,0.38,1.0,1.0,1.0511979162534169,1.133,0.55,2,20.0,,1.133,,0.12433909397920652,266.6665208378756,266.6665208378756,223.9,2027-02,1.0,CORTO_LAJA,8.0,8.0,0.0,0.0,CORTO_LAJA,0.0,0.0,0.0,160.0,160.0,160.0,160.0
12872.406240356231,12245.464,12872.406240356231,,Sab,0.38,1.0,1.0,1.0511979162534169,1.133,0.55,2,4.0,,1.133,,0.12433909397920652,321.8101560089058,321.8101560089058,270.2,2027-02,1.0,CORTO_LAJA,10.0,10.0,0.0,0.0,CORTO_LAJA,0.0,0.0,0.0,40.0,40.0,40.0,40.0
7205.109061697383,6806.29356,7205.109061697383,,Dom,0.38,0.99,0.99,1.058595107334363,1.133,0.55,3,5.0,,1.133,,0.08809961127629383,181.9471985277117,181.9471985277117,151.7,2027-03,1.0,CORTO_LAJA,8.0,8.0,0.01,0.0238,CORTO_LAJA,0.0,0.0,0.0,39.6,39.6,40.0,40.0
30233.15057725181,28559.692339200003,30233.15057725181,,LV,0.38,0.9946,0.9946,1.058595107334363,1.133,0.55,3,22.0,,1.133,,0.08809961127629383,172.711908951816,172.711908951816,144.0,2027-03,1.0,CORTO_LAJA,8.0,8.0,0.0054,0.0054,CORTO_LAJA,0.0,0.0,0.0,175.0496,175.0496,176.0,176.0
8155.840144946866,7704.4,8155.840144946866,,Sab,0.38,1.0,1.0,1.058595107334363,1.133,0.55,3,4.0,,1.133,,0.08809961127629383,254.87000452958955,254.87000452958955,212.5,2027-03,1.0,CORTO_LAJA,8.0,8.0,0.0,0.0,CORTO_LAJA,0.0,0.0,0.0,32.0,32.0,32.0,32.0
5937.27364602072,6018.496,5937.27364602072,,Dom,0.38,1.0,1.0,0.986504542998902,1.133,0.55,4,4.0,,1.133,,0.0771146663961453,185.5398014381475,185.5398014381475,166.0,2027-04,1.0,CORTO_LAJA,8.0,8.0,0.0,0.0,CORTO_LAJA,0.0,0.0,0.0,32.0,32.0,32.0,32.0
29546.87806613082,29951.081599999998,29546.87806613082,,LV,0.38,1.0,1.0,0.986504542998902,1.133,0.55,4,22.0,,1.133,,0.0771146663961453,167.87998901210693,167.87998901210693,150.2,2027-04,1.0,CORTO_LAJA,8.0,8.0,0.0,0.0,CORTO_LAJA,0.0,0.0,0.0,176.0,176.0,176.0,176.0
6795.674655083956,6888.64,6795.674655083956,,Sab,0.38,1.0,1.0,0.986504542998902,1.133,0.55,4,4.0,,1.133,,0.0771146663961453,212.36483297137363,212.36483297137363,190.0,2027-04,1.0,CORTO_LAJA,8.0,8.0,0.0,0.0,CORTO_LAJA,0.0,0.0,0.0,32.0,32.0,32.0,32.0
8257.16999655206,8043.393600000001,8257.16999655206,,Dom,0.38,1.0,1.0,1.0265778858008463,1.133,0.55,5,6.0,,1.133,,0.07250196025062915,172.02437492816793,172.02437492816793,147.9,2027-05,1.0,CORTO_LAJA,8.0,8.0,0.0,0.0,CORTO_LAJA,0.0,0.0,0.0,48.0,48.0,48.0,48.0
23324.411637319263,22720.54752,23324.411637319263,,LV,0.38,0.99,0.99,1.0265778858008463,1.133,0.55,5,20.0,,1.133,,0.07250196025062915,147.25007346792464,147.25007346792464,126.6,2027-05,1.0,CORTO_LAJA,8.0,8.0,0.01,0.0113,CORTO_LAJA,0.0,0.0,0.0,158.4,158.4,160.0,160.0
6895.071923591417,6716.55996,6895.071923591417,,Sab,0.38,0.99,0.99,1.0265778858008463,1.133,0.55,5,5.0,,1.133,,0.07250196025062915,174.11797786847012,174.11797786847012,149.7,2027-05,1.0,CORTO_LAJA,8.0,8.0,0.01,0.1,CORTO_LAJA,0.0,0.0,0.0,39.6,39.6,40.0,40.0
6392.097458497483,7139.205215999999,6392.097458497483,,Dom,0.38,0.99,0.99,0.8953514102903025,1.133,0.55,6,6.0,,1.133,,0.05744952609110797,134.51383540609183,134.51383540609183,132.6,2027-06,1.0,CORTO_LAJA,8.0,8.0,0.01,0.15,CORTO_LAJA,0.0,0.0,0.0,47.519999999999996,47.519999999999996,48.0,48.0
22187.681809970138,24780.976,22187.681809970138,,LV,0.38,1.0,1.0,0.8953514102903025,1.133,0.55,6,20.0,,1.133,,0.05744952609110797,138.67301131231335,138.67301131231335,136.7,2027-06,1.0,CORTO_LAJA,8.0,8.0,0.0,0.0,CORTO_LAJA,0.0,0.0,0.0,160.0,160.0,160.0,160.0
5518.516324352486,6163.52,5518.516324352486,,Sab,0.38,1.0,1.0,0.8953514102903025,1.133,0.55,6,4.0,,1.133,,0.05744952609110797,172.45363513601518,172.45363513601518,170.0,2027-06,1.0,CORTO_LAJA,8.0,8.0,0.0,0.0,CORTO_LAJA,0.0,0.0,0.0,32.0,32.0,32.0,32.0
4377.885900002454,4359.784,4377.885900002454,,Dom,0.38,1.0,1.0,1.0041520176234544,1.133,0.55,7,5.0,,1.133,,0.06946988123643634,109.44714750006135,109.44714750006135,96.2,2027-07,1.0,CORTO_LAJA,8.0,8.0,0.0,0.0,CORTO_LAJA,0.0,0.0,0.0,40.0,40.0,40.0,40.0
25034.19873600219,24930.686088000002,25034.19873600219,,LV,0.38,0.99,0.99,1.0041520176234544,1.133,0.55,7,21.0,,1.133,,0.06946988123643634,150.51827041848358,150.51827041848358,132.3,2027-07,1.0,CORTO_LAJA,8.0,8.0,0.01,0.0108,CORTO_LAJA,0.0,0.0,0.0,166.32,166.32,168.0,168.0
8127.759061750919,8094.152,8127.759061750919,,Sab,0.38,1.0,1.0,1.0041520176234544,1.133,0.55,7,5.0,,1.133,,0.06946988123643634,203.19397654377298,203.19397654377298,178.6,2027-07,1.0,CORTO_LAJA,8.0,8.0,0.0,0.0,CORTO_LAJA,0.0,0.0,0.0,40.0,40.0,40.0,40.0
6251.234606408687,6675.636,6251.234606408687,,Dom,0.38,1.0,1.0,0.9364253243299494,1.133,0.55,8,5.0,,1.133,,0.06710271560865587,156.28086516021716,156.28086516021716,147.3,2027-08,1.0,CORTO_LAJA,8.0,8.0,0.0,0.0,CORTO_LAJA,0.0,0.0,0.0,40.0,40.0,40.0,40.0
26104.952010143323,27877.238400000002,26104.952010143323,,LV,0.38,1.0,1.0,0.9364253243299494,1.133,0.55,8,22.0,,1.133,,0.06710271560865587,148.32359096672343,148.32359096672343,139.8,2027-08,1.0,CORTO_LAJA,8.0,8.0,0.0,0.0,CORTO_LAJA,0.0,0.0,0.0,176.0,176.0,176.0,176.0
6036.494300173602,6446.3168000000005,6036.494300173602,,Sab,0.38,1.0,1.0,0.9364253243299494,1.133,0.55,8,4.0,,1.133,,0.06710271560865587,188.64044688042506,188.64044688042506,177.8,2027-08,1.0,CORTO_LAJA,8.0,8.0,0.0,0.0,CORTO_LAJA,0.0,0.0,0.0,32.0,32.0,32.0,32.0
6682.435310249056,6884.108,6682.435310249056,,Dom,0.38,1.0,1.0,0.970704601126109,1.133,0.55,9,5.0,,1.133,,0.07144241659218582,167.0608827562264,167.0608827562264,151.9,2027-09,1.0,CORTO_LAJA,8.0,8.0,0.0,0.0,CORTO_LAJA,0.0,0.0,0.0,40.0,40.0,40.0,40.0
26976.098303125225,27790.224000000002,26976.098303125225,,LV,0.38,1.0,1.0,0.970704601126109,1.133,0.55,9,21.0,,1.133,,0.07144241659218582,160.57201370907873,160.57201370907873,146.0,2027-09,1.0,CORTO_LAJA,8.0,8.0,0.0,0.0,CORTO_LAJA,0.0,0.0,0.0,168.0,168.0,168.0,168.0
6032.228635558595,6214.2784,6032.228635558595,,Sab,0.38,1.0,1.0,0.970704601126109,1.133,0.55,9,4.0,,1.133,,0.07144241659218582,188.5071448612061,188.5071448612061,171.4,2027-09,1.0,CORTO_LAJA,8.0,8.0,0.0,0.0,CORTO_LAJA,0.0,0.0,0.0,32.0,32.0,32.0,32.0
9233.670860866092,9544.392,9233.670860866092,,Dom,0.38,1.0,1.0,0.9674446377376466,1.133,0.55,10,6.0,,1.133,,0.08198417825284104,192.36814293471025,192.36814293471025,175.5,2027-10,1.0,CORTO_LAJA,8.0,8.0,0.0,0.0,CORTO_LAJA,0.0,0.0,0.0,48.0,48.0,48.0,48.0
27657.167991616006,28587.856,27657.167991616006,,LV,0.38,1.0,1.0,0.9674446377376466,1.133,0.55,10,20.0,,1.133,,0.08198417825284104,172.85729994760004,172.85729994760004,157.7,2027-10,1.0,CORTO_LAJA,8.0,8.0,0.0,0.0,CORTO_LAJA,0.0,0.0,0.0,160.0,160.0,160.0,160.0
8782.07157374871,9077.596,8782.07157374871,,Sab,0.38,1.0,1.0,0.9674446377376466,1.133,0.55,10,5.0,,1.133,,0.08198417825284104,219.55178934371776,219.55178934371776,200.3,2027-10,1.0,CORTO_LAJA,8.0,8.0,0.0,0.0,CORTO_LAJA,0.0,0.0,0.0,40.0,40.0,40.0,40.0
9108.342206379193,9417.496,9108.342206379193,,Dom,0.38,1.0,1.0,0.9671723997949342,1.133,0.55,11,5.0,,1.133,,0.08369482718452843,227.70855515947983,227.70855515947983,207.8,2027-11,1.0,CORTO_LAJA,8.0,8.0,0.0,0.0,CORTO_LAJA,0.0,0.0,0.0,40.0,40.0,40.0,40.0
29179.130927750863,30169.524,29179.130927750863,,LV,0.38,1.0,1.0,0.9671723997949342,1.133,0.55,11,21.0,,1.133,,0.08369482718452843,173.6853031413742,173.6853031413742,158.5,2027-11,1.0,CORTO_LAJA,8.0,8.0,0.0,0.0,CORTO_LAJA,0.0,0.0,0.0,168.0,168.0,168.0,168.0
8349.167581670397,8632.5536,8349.167581670397,,Sab,0.38,1.0,1.0,0.9671723997949342,1.133,0.55,11,4.0,,1.133,,0.08369482718452843,260.9114869271999,260.9114869271999,238.1,2027-11,1.0,CORTO_LAJA,8.0,8.0,0.0,0.0,CORTO_LAJA,0.0,0.0,0.0,32.0,32.0,32.0,32.0
8663.196573030866,8946.168,8663.196573030866,,Dom,0.38,1.0,1.0,0.9683695380000539,1.133,0.55,12,5.0,,1.133,,0.08662845634294083,216.57991432577165,216.57991432577165,197.4,2027-12,1.0,CORTO_LAJA,8.0,8.0,0.0,0.0,CORTO_LAJA,0.0,0.0,0.0,40.0,40.0,40.0,40.0
31301.612582312737,32324.036799999998,31301.612582312737,,LV,0.38,1.0,1.0,0.9683695380000539,1.133,0.55,12,22.0,,1.133,,0.08662845634294083,177.85007149041328,177.85007149041328,162.1,2027-12,1.0,CORTO_LAJA,8.0,8.0,0.0,0.0,CORTO_LAJA,0.0,0.0,0.0,176.0,176.0,176.0,176.0
8257.685244080485,8527.4112,8257.685244080485,,Sab,0.38,1.0,1.0,0.9683695380000539,1.133,0.55,12,4.0,,1.133,,0.08662845634294083,258.05266387751516,258.05266387751516,235.2,2027-12,1.0,CORTO_LAJA,8.0,8.0,0.0,0.0,CORTO_LAJA,0.0,0.0,0.0,32.0,32.0,32.0,32.0
0.0,0.0,0.0,,Dom,0.35,0.9981,0.9981,1.271178325802268,1.0,0.85,1,5.0,,1.0,,0.15098605516797206,,,125.3,2027-01,,LLANQUIHUE_PM,0.0,0.0,0.0019,0.0019,LLANQUIHUE_PM,,,0.0,0.0,0.0,0.0,0.0
47651.47563573599,48059.060000000005,47651.47563573599,,LV,0.35,0.9905,0.9905,1.271178325802268,1.0,0.85,1,20.0,,1.0,,0.15098605516797206,154.1939309198151,154.1939309198151,121.3,2027-01,1.0,LLANQUIHUE_PM,20.0,20.0,0.0095,0.0095,LLANQUIHUE_PM,0.0,0.0,0.0,396.20000000000005,396.20000000000005,400.0,400.0
0.0,0.0,0.0,,Sab,0.35,1.0,1.0,1.271178325802268,1.0,0.85,1,5.0,,1.0,,0.15098605516797206,,,188.7,2027-01,,LLANQUIHUE_PM,0.0,0.0,0.0,0.0,LLANQUIHUE_PM,,,0.0,0.0,0.0,0.0,0.0
0.0,0.0,0.0,,Dom,0.35,0.9981,0.9981,1.1738317946774532,1.0,0.85,2,4.0,,1.0,,0.15000911491776278,,,125.3,2027-02,,LLANQUIHUE_PM,0.0,0.0,0.0019,0.0019,LLANQUIHUE_PM,,,0.0,0.0,0.0,0.0,0.0
48013.47666405081,52440.0,48013.47666405081,,LV,0.35,1.0,1.0,1.1738317946774532,1.0,0.85,2,20.0,,1.0,,0.15000911491776278,153.88934828221412,153.88934828221412,131.1,2027-02,1.0,LLANQUIHUE_PM,20.0,20.0,0.0,0.0,LLANQUIHUE_PM,0.0,0.0,0.0,400.0,400.0,400.0,400.0
0.0,0.0,0.0,,Sab,0.35,1.0,1.0,1.1738317946774532,1.0,0.85,2,4.0,,1.0,,0.15000911491776278,,,177.2,2027-02,,LLANQUIHUE_PM,0.0,0.0,0.0,0.0,LLANQUIHUE_PM,,,0.0,0.0,0.0,0.0,0.0
0.0,0.0,0.0,,Dom,0.35,0.9981,0.9981,1.1925075684647088,1.0,0.85,3,4.0,,1.0,,0.07835531621256904,,,125.3,2027-03,,LLANQUIHUE_PM,0.0,0.0,0.0019,0.0019,LLANQUIHUE_PM,,,0.0,0.0,0.0,0.0,0.0
33078.900600111556,26887.3792,33078.900600111556,,LV,0.35,0.9872,0.9872,1.1925075684647088,1.0,0.85,3,22.0,,1.0,,0.07835531621256904,73.81621848796547,73.81621848796547,61.9,2027-03,1.0,LLANQUIHUE_PM,20.0,20.0,0.0128,0.0128,LLANQUIHUE_PM,0.0,0.0,0.0,434.368,434.368,440.0,440.0
0.0,0.0,0.0,,Sab,0.35,1.0,1.0,1.1925075684647088,1.0,0.85,3,3.0,,1.0,,0.07835531621256904,,,71.8,2027-03,,LLANQUIHUE_PM,0.0,0.0,0.0,0.0,LLANQUIHUE_PM,,,0.0,0.0,0.0,0.0,0.0
0.0,0.0,0.0,,Dom,0.35,0.9981,0.9981,0.8788845742635121,1.0,0.85,4,4.0,,1.0,,0.0754772970969035,,,125.3,2027-04,,LLANQUIHUE_PM,0.0,0.0,0.0019,0.0019,LLANQUIHUE_PM,,,0.0,0.0,0.0,0.0,0.0
33123.94073259633,37086.271199999996,33123.94073259633,,LV,0.35,0.9963,0.9963,0.8788845742635121,1.0,0.85,4,22.0,,1.0,,0.0754772970969035,74.35363498269312,74.35363498269312,84.6,2027-04,1.0,LLANQUIHUE_PM,20.0,20.0,0.0037,0.0037,LLANQUIHUE_PM,0.0,0.0,0.0,438.37199999999996,438.37199999999996,440.0,440.0
0.0,0.0,0.0,,Sab,0.35,1.0,1.0,0.8788845742635121,1.0,0.85,4,4.0,,1.0,,0.0754772970969035,,,145.9,2027-04,,LLANQUIHUE_PM,0.0,0.0,0.0,0.0,LLANQUIHUE_PM,,,0.0,0.0,0.0,0.0,0.0
0.0,0.0,0.0,,Dom,0.35,0.9981,0.9981,0.9627033989496926,1.0,0.85,5,5.0,,1.0,,0.07637753023509351,,,125.3,2027-05,,LLANQUIHUE_PM,0.0,0.0,0.0019,0.0019,LLANQUIHUE_PM,,,0.0,0.0,0.0,0.0,0.0
30352.305919327286,33714.791999999994,30352.305919327286,,LV,0.35,0.9963,0.9963,0.9627033989496926,1.0,0.85,5,20.0,,1.0,,0.07637753023509351,81.44470755114398,81.44470755114398,84.6,2027-05,1.0,LLANQUIHUE_PM,20.0,20.0,0.0037,0.0037,LLANQUIHUE_PM,0.0,0.0,0.0,398.52,398.52,400.0,400.0
0.0,0.0,0.0,,Sab,0.35,1.0,1.0,0.9627033989496926,1.0,0.85,5,4.0,,1.0,,0.07637753023509351,,,145.9,2027-05,,LLANQUIHUE_PM,0.0,0.0,0.0,0.0,LLANQUIHUE_PM,,,0.0,0.0,0.0,0.0,0.0
0.0,0.0,0.0,,Dom,0.35,0.9981,0.9981,0.7923308365238076,1.0,0.85,6,4.0,,1.0,,0.056566837048939785,,,125.3,2027-06,,LLANQUIHUE_PM,0.0,0.0,0.0019,0.0019,LLANQUIHUE_PM,,,0.0,0.0,0.0,0.0,0.0
29709.696201104347,31400.0,29709.696201104347,,LV,0.35,1.0,1.0,0.7923308365238076,1.0,0.85,6,20.0,,1.0,,0.056566837048939785,62.197970667118895,62.197970667118895,78.5,2027-06,1.0,LLANQUIHUE_PM,20.0,20.0,0.0,0.0,LLANQUIHUE_PM,0.0,0.0,0.0,400.0,400.0,400.0,400.0
0.0,0.0,0.0,,Sab,0.35,1.0,1.0,0.7923308365238076,1.0,0.85,6,4.0,,1.0,,0.056566837048939785,,,145.9,2027-06,,LLANQUIHUE_PM,0.0,0.0,0.0,0.0,LLANQUIHUE_PM,,,0.0,0.0,0.0,0.0,0.0
0.0,0.0,0.0,,Dom,0.35,0.9981,0.9981,0.8214907874958339,1.0,0.85,7,4.0,,1.0,,0.07058056047319095,,,125.3,2027-07,,LLANQUIHUE_PM,0.0,0.0,0.0019,0.0019,LLANQUIHUE_PM,,,0.0,0.0,0.0,0.0,0.0
31595.611396584005,37548.0,31595.611396584005,,LV,0.35,1.0,1.0,0.8214907874958339,1.0,0.85,7,21.0,,1.0,,0.07058056047319095,73.44127640212756,73.44127640212756,89.4,2027-07,1.0,LLANQUIHUE_PM,20.0,20.0,0.0,0.0,LLANQUIHUE_PM,0.0,0.0,0.0,420.0,420.0,420.0,420.0
0.0,0.0,0.0,,Sab,0.35,1.0,1.0,0.8214907874958339,1.0,0.85,7,5.0,,1.0,,0.07058056047319095,,,145.9,2027-07,,LLANQUIHUE_PM,0.0,0.0,0.0,0.0,LLANQUIHUE_PM,,,0.0,0.0,0.0,0.0,0.0
0.0,0.0,0.0,,Dom,0.35,0.9981,0.9981,0.731027449484112,1.0,0.85,8,4.0,,1.0,,0.04881227343479544,,,125.3,2027-08,,LLANQUIHUE_PM,0.0,0.0,0.0019,0.0019,LLANQUIHUE_PM,,,0.0,0.0,0.0,0.0,0.0
32206.540103440326,29788.0,32206.540103440326,,LV,0.35,1.0,1.0,0.731027449484112,1.0,0.85,8,22.0,,1.0,,0.04881227343479544,49.490558330074386,49.490558330074386,67.7,2027-08,1.0,LLANQUIHUE_PM,20.0,20.0,0.0,0.0,LLANQUIHUE_PM,0.0,0.0,0.0,440.0,440.0,440.0,440.0
0.0,0.0,0.0,,Sab,0.35,1.0,1.0,0.731027449484112,1.0,0.85,8,4.0,,1.0,,0.04881227343479544,,,145.9,2027-08,,LLANQUIHUE_PM,0.0,0.0,0.0,0.0,LLANQUIHUE_PM,,,0.0,0.0,0.0,0.0,0.0
0.0,0.0,0.0,,Dom,0.35,0.9981,0.9981,0.9054707267151344,1.0,0.85,9,3.0,,1.0,,0.06143820038698794,,,125.3,2027-09,,LLANQUIHUE_PM,0.0,0.0,0.0019,0.0019,LLANQUIHUE_PM,,,0.0,0.0,0.0,0.0,0.0
31218.035080077236,29148.000000000004,31218.035080077236,,LV,0.35,1.0,1.0,0.9054707267151344,1.0,0.85,9,21.0,,1.0,,0.06143820038698794,62.83966843403034,62.83966843403034,69.4,2027-09,1.0,LLANQUIHUE_PM,20.0,20.0,0.0,0.0,LLANQUIHUE_PM,0.0,0.0,0.0,420.0,420.0,420.0,420.0
0.0,0.0,0.0,,Sab,0.35,1.0,1.0,0.9054707267151344,1.0,0.85,9,3.0,,1.0,,0.06143820038698794,,,145.9,2027-09,,LLANQUIHUE_PM,0.0,0.0,0.0,0.0,LLANQUIHUE_PM,,,0.0,0.0,0.0,0.0,0.0
0.0,0.0,0.0,,Dom,0.35,0.9981,0.9981,1.0940143240326254,1.0,0.85,10,4.0,,1.0,,0.07697326341835899,,,125.3,2027-10,,LLANQUIHUE_PM,0.0,0.0,0.0019,0.0019,LLANQUIHUE_PM,,,0.0,0.0,0.0,0.0,0.0
30311.88639573521,29232.42,30311.88639573521,,LV,0.35,0.9943,0.9943,1.0940143240326254,1.0,0.85,10,20.0,,1.0,,0.07697326341835899,80.41005281639796,80.41005281639796,73.5,2027-10,1.0,LLANQUIHUE_PM,20.0,20.0,0.0057,0.0057,LLANQUIHUE_PM,0.0,0.0,0.0,397.71999999999997,397.71999999999997,400.0,400.0
0.0,0.0,0.0,,Sab,0.35,1.0,1.0,1.0940143240326254,1.0,0.85,10,5.0,,1.0,,0.07697326341835899,,,145.9,2027-10,,LLANQUIHUE_PM,0.0,0.0,0.0,0.0,LLANQUIHUE_PM,,,0.0,0.0,0.0,0.0,0.0
0.0,0.0,0.0,,Dom,0.35,0.9981,0.9981,0.93167176391448,1.0,0.85,11,4.0,,1.0,,0.07209733243887732,,,125.3,2027-11,,LLANQUIHUE_PM,0.0,0.0,0.0019,0.0019,LLANQUIHUE_PM,,,0.0,0.0,0.0,0.0,0.0
31593.13225463034,33076.134,31593.13225463034,,LV,0.35,0.9906,0.9906,0.93167176391448,1.0,0.85,11,21.0,,1.0,,0.07209733243887732,74.06790523120115,74.06790523120115,79.5,2027-11,1.0,LLANQUIHUE_PM,20.0,20.0,0.0094,0.0094,LLANQUIHUE_PM,0.0,0.0,0.0,416.052,416.052,420.0,420.0
0.0,0.0,0.0,,Sab,0.35,1.0,1.0,0.93167176391448,1.0,0.85,11,4.0,,1.0,,0.07209733243887732,,,145.9,2027-11,,LLANQUIHUE_PM,0.0,0.0,0.0,0.0,LLANQUIHUE_PM,,,0.0,0.0,0.0,0.0,0.0
0.0,0.0,0.0,,Dom,0.35,0.9981,0.9981,1.0593608296357426,1.0,0.85,12,4.0,,1.0,,0.08232621916854865,,,125.3,2027-12,,LLANQUIHUE_PM,0.0,0.0,0.0019,0.0019,LLANQUIHUE_PM,,,0.0,0.0,0.0,0.0,0.0
33277.00157281041,32472.0,33277.00157281041,,LV,0.35,1.0,1.0,1.0593608296357426,1.0,0.85,12,22.0,,1.0,,0.08232621916854865,78.18082922711781,78.18082922711781,73.8,2027-12,1.0,LLANQUIHUE_PM,20.0,20.0,0.0,0.0,LLANQUIHUE_PM,0.0,0.0,0.0,440.0,440.0,440.0,440.0
0.0,0.0,0.0,,Sab,0.35,1.0,1.0,1.0593608296357426,1.0,0.85,12,3.0,,1.0,,0.08232621916854865,,,145.9,2027-12,,LLANQUIHUE_PM,0.0,0.0,0.0,0.0,LLANQUIHUE_PM,,,0.0,0.0,0.0,0.0,0.0
0.0,,0.0,53868.66352592167,Mes,0.12,,,0.9638330094876956,1.0,0.5,1,,30.0,0.955,0.0,,,,,2027-01,,TREN_ARAUCANIA,0.0,0.0,,,TA_CLARET,,,0.0,0.0,0.0,0.0,0.0
0.0,,0.0,58169.97454701996,Mes,0.12,,,0.9282548311164297,1.0,0.5,2,,28.0,0.955,0.0,,,,,2027-02,,TREN_ARAUCANIA,0.0,0.0,,,TA_CLARET,,,0.0,0.0,0.0,0.0,0.0
32154.003401608483,,32154.003401608483,92741.04488118268,Mes,0.12,0.993,0.993,0.9020510530837016,1.0,0.5,3,,29.0,0.955,0.4055574427692416,,573.8933290878562,573.8933290878562,573.8933290878562,2027-03,1.0,TREN_ARAUCANIA,2.2758620689655173,2.2758620689655173,,,TA_CLARET,0.0,0.0,0.0,65.538,65.538,66.0,66.0
34570.99176559762,,34570.99176559762,83079.47933047227,Mes,0.12,0.9814,0.9814,1.0516082021714996,1.0,0.5,4,,30.0,0.955,0.4070604601561556,,522.1108232178498,522.1108232178498,522.1108232178498,2027-04,1.0,TREN_ARAUCANIA,2.2,2.2,,,TA_CLARET,0.0,0.0,0.0,64.7724,64.7724,66.0,66.0
23033.767653033556,,23033.767653033556,63196.46242206401,Mes,0.12,0.9915,0.9915,1.2926705792501703,1.0,0.5,5,,29.0,0.955,0.35654394057739225,,378.7580390404067,378.7580390404067,378.7580390404067,2027-05,1.0,TREN_ARAUCANIA,2.0689655172413794,2.0689655172413794,,,TA_CLARET,0.0,0.0,0.0,59.49,59.49,60.0,60.0
18554.52233679354,,18554.52233679354,59457.56561705557,Mes,0.12,0.9908,0.9908,1.0269433405325363,1.0,0.5,6,,28.0,0.955,0.30526956037641895,,305.3186804765616,305.3186804765616,305.3186804765616,2027-06,1.0,TREN_ARAUCANIA,2.142857142857143,2.142857142857143,,,TA_CLARET,0.0,0.0,0.0,59.448,59.448,60.0,60.0
27500.61578441677,,27500.61578441677,70309.13337533252,Mes,0.12,0.998,0.998,1.051914218974504,1.0,0.5,7,,30.0,0.955,0.3826233944593981,,427.87033230855815,427.87033230855815,427.87033230855815,2027-07,1.0,TREN_ARAUCANIA,2.1,2.1,,,TA_CLARET,0.0,0.0,0.0,62.874,62.874,63.0,63.0
29695.2362382311,,29695.2362382311,69890.77288222904,Mes,0.12,0.9954,0.9954,0.9753110586970296,1.0,0.5,8,,30.0,0.955,0.4156308622060113,,442.1667274505965,442.1667274505965,442.1667274505965,2027-08,1.0,TREN_ARAUCANIA,2.2,2.2,,,TA_CLARET,0.0,0.0,0.0,65.6964,65.6964,66.0,66.0
24368.55865391207,,24368.55865391207,60291.70753561208,Mes,0.12,0.9877,0.9877,0.9796948210393155,1.0,0.5,9,,27.0,0.955,0.3953785507869663,,383.0937668224224,383.0937668224224,383.0937668224224,2027-09,1.0,TREN_ARAUCANIA,2.3333333333333335,2.3333333333333335,,,TA_CLARET,0.0,0.0,0.0,62.225100000000005,62.225100000000005,63.0,63.0
27413.360034159956,,27413.360034159956,68693.29172100882,Mes,0.12,0.9956,0.9956,1.0177164494880109,1.0,0.5,10,,29.0,0.955,0.39038110468812925,,448.9179574580043,448.9179574580043,448.9179574580043,2027-10,1.0,TREN_ARAUCANIA,2.0689655172413794,2.0689655172413794,,,TA_CLARET,0.0,0.0,0.0,59.736000000000004,59.736000000000004,60.0,60.0
25856.63522304575,,25856.63522304575,70185.8214408068,Mes,0.12,0.988,0.988,0.9553444562541843,1.0,0.5,11,,29.0,0.955,0.3603823127564135,,406.3641259165001,406.3641259165001,406.3641259165001,2027-11,1.0,TREN_ARAUCANIA,2.1724137931034484,2.1724137931034484,,,TA_CLARET,0.0,0.0,0.0,62.244,62.244,63.0,63.0
9854.792119601681,,9854.792119601681,59600.236517464575,Mes,0.12,0.969,0.969,0.9718888145335361,1.0,0.5,12,,29.0,0.955,0.16174852574356244,,150.73725475603604,150.73725475603604,150.73725475603604,2027-12,1.0,TREN_ARAUCANIA,2.2758620689655173,2.2758620689655173,,,TA_CLARET,0.0,0.0,0.0,63.954,63.954,66.0,66.0
12282.774797534572,,12282.774797534572,53868.66352592167,Mes,0.28,1.0,1.0,0.9638330094876956,1.0,0.5,1,,30.0,0.955,0.22801335681224177,,80.8077289311485,80.8077289311485,80.8077289311485,2027-01,1.0,TREN_ARAUCANIA,5.066666666666666,5.066666666666666,,,TA_TEMUCO_PITRUFQUEN,0.0,0.0,0.0,152.0,152.0,152.0,152.0
14670.072765552992,,14670.072765552992,58169.97454701996,Mes,0.28,1.0,1.0,0.9282548311164297,1.0,0.5,2,,28.0,0.955,0.2521932127320234,,99.12211328076346,99.12211328076346,99.12211328076346,2027-02,1.0,TREN_ARAUCANIA,5.285714285714286,5.285714285714286,,,TA_TEMUCO_PITRUFQUEN,0.0,0.0,0.0,148.0,148.0,148.0,148.0
11427.174983816765,,11427.174983816765,92741.04488118268,Mes,0.28,0.9935343511450382,0.9935343511450382,0.9020510530837016,1.0,0.5,3,,29.0,0.955,0.1441306019231666,,85.58403457026391,85.58403457026391,85.58403457026391,2027-03,1.0,TREN_ARAUCANIA,5.4206896551724135,5.4206896551724135,,,TA_TEMUCO_PITRUFQUEN,0.0,0.0,0.0,156.18359999999998,156.18359999999998,157.2,157.2
12699.86589429563,,12699.86589429563,83079.47933047227,Mes,0.28,0.9832461538461539,0.9832461538461539,1.0516082021714996,1.0,0.5,4,,30.0,0.955,0.14953615707368412,,78.38134072761336,78.38134072761336,78.38134072761336,2027-04,1.0,TREN_ARAUCANIA,5.373333333333333,5.373333333333333,,,TA_TEMUCO_PITRUFQUEN,0.0,0.0,0.0,158.49928,158.49928,161.2,161.2
8965.880942355712,,8965.880942355712,63196.46242206401,Mes,0.28,0.992418918918919,0.992418918918919,1.2926705792501703,1.0,0.5,5,,29.0,0.955,0.1387845258356697,,59.71412377441054,59.71412377441054,59.71412377441054,2027-05,1.0,TREN_ARAUCANIA,5.103448275862069,5.103448275862069,,,TA_TEMUCO_PITRUFQUEN,0.0,0.0,0.0,146.87800000000001,146.87800000000001,148.0,148.0
9943.392433947152,,9943.392433947152,59457.56561705557,Mes,0.28,0.9917945945945945,0.9917945945945945,1.0269433405325363,1.0,0.5,6,,28.0,0.955,0.16359435084685753,,66.26618585240406,66.26618585240406,66.26618585240406,2027-06,1.0,TREN_ARAUCANIA,5.285714285714286,5.285714285714286,,,TA_TEMUCO_PITRUFQUEN,0.0,0.0,0.0,146.7856,146.7856,148.0,148.0
11874.310871381822,,11874.310871381822,70309.13337533252,Mes,0.28,0.9982522068095839,0.9982522068095839,1.051914218974504,1.0,0.5,7,,30.0,0.955,0.16521045085284086,,73.36785114974725,73.36785114974725,73.36785114974725,2027-07,1.0,TREN_ARAUCANIA,5.286666666666666,5.286666666666666,,,TA_TEMUCO_PITRUFQUEN,0.0,0.0,0.0,158.3228,158.3228,158.6,158.6
11099.63947101165,,11099.63947101165,69890.77288222904,Mes,0.28,0.9958565756823821,0.9958565756823821,0.9753110586970296,1.0,0.5,8,,30.0,0.955,0.15535666012223842,,67.63755287008688,67.63755287008688,67.63755287008688,2027-08,1.0,TREN_ARAUCANIA,5.373333333333333,5.373333333333333,,,TA_TEMUCO_PITRUFQUEN,0.0,0.0,0.0,160.53207999999998,160.53207999999998,161.2,161.2
10729.310125340253,,10729.310125340253,60291.70753561208,Mes,0.28,0.9886800796812749,0.9886800796812749,0.9796948210393155,1.0,0.5,9,,27.0,0.955,0.17408247851458092,,70.49071072715152,70.49071072715152,70.49071072715152,2027-09,1.0,TREN_ARAUCANIA,5.5777777777777775,5.5777777777777775,,,TA_TEMUCO_PITRUFQUEN,0.0,0.0,0.0,148.89522,148.89522,150.6,150.6
13425.934063791015,,13425.934063791015,68693.29172100882,Mes,0.28,0.9961789473684212,0.9961789473684212,1.0177164494880109,1.0,0.5,10,,29.0,0.955,0.19119257780737536,,86.73700245552553,86.73700245552553,86.73700245552553,2027-10,1.0,TREN_ARAUCANIA,5.241379310344827,5.241379310344827,,,TA_TEMUCO_PITRUFQUEN,0.0,0.0,0.0,151.41920000000002,151.41920000000002,152.0,152.0
13844.395645738465,,13844.395645738465,70185.8214408068,Mes,0.28,0.9892419146183701,0.9892419146183701,0.9553444562541843,1.0,0.5,11,,29.0,0.955,0.19295918739957163,,88.55291252458213,88.55291252458213,88.55291252458213,2027-11,1.0,TREN_ARAUCANIA,5.3310344827586205,5.3310344827586205,,,TA_TEMUCO_PITRUFQUEN,0.0,0.0,0.0,152.9368,152.9368,154.6,154.6
12408.955652872128,,12408.955652872128,59600.236517464575,Mes,0.28,0.9713664122137404,0.9713664122137404,0.9718888145335361,1.0,0.5,12,,29.0,0.955,0.20367048421823405,,79.4951173881739,79.4951173881739,79.4951173881739,2027-12,1.0,TREN_ARAUCANIA,5.4206896551724135,5.4206896551724135,,,TA_TEMUCO_PITRUFQUEN,0.0,0.0,0.0,152.69879999999998,152.69879999999998,157.2,157.2
41585.8887283871,,41585.8887283871,53868.66352592167,Mes,0.46,1.0,1.0,0.9638330094876956,1.0,0.5,1,,30.0,0.955,0.7719866431877582,,143.3996163047831,143.3996163047831,143.3996163047831,2027-01,1.0,TREN_ARAUCANIA,9.666666666666666,9.666666666666666,,,TA_TEMUCO_VICTORIA,0.0,0.0,0.0,290.0,290.0,290.0,290.0
43499.90178146698,,43499.90178146698,58169.97454701996,Mes,0.46,1.0,1.0,0.9282548311164297,1.0,0.5,2,,28.0,0.955,0.7478067872679767,,157.60833978792382,157.60833978792382,157.60833978792382,2027-02,1.0,TREN_ARAUCANIA,9.857142857142858,9.857142857142858,,,TA_TEMUCO_VICTORIA,0.0,0.0,0.0,276.0,276.0,276.0,276.0
35702.296680531836,,35702.296680531836,92741.04488118268,Mes,0.46,0.9941586206896553,0.9941586206896553,0.9020510530837016,1.0,0.5,3,,29.0,0.955,0.4503119553075918,,144.85442986866212,144.85442986866212,144.85442986866212,2027-03,1.0,TREN_ARAUCANIA,10.0,10.0,,,TA_TEMUCO_VICTORIA,0.0,0.0,0.0,288.30600000000004,288.30600000000004,290.0,290.0
37657.53787215026,,37657.53787215026,83079.47933047227,Mes,0.46,0.9848953020134229,0.9848953020134229,1.0516082021714996,1.0,0.5,4,,30.0,0.955,0.44340338277016034,,125.51234340281806,125.51234340281806,125.51234340281806,2027-04,1.0,TREN_ARAUCANIA,9.933333333333334,9.933333333333334,,,TA_TEMUCO_VICTORIA,0.0,0.0,0.0,293.4988,293.4988,298.0,298.0
32603.237701689155,,32603.237701689155,63196.46242206401,Mes,0.46,0.9933687943262411,0.9933687943262411,1.2926705792501703,1.0,0.5,5,,29.0,0.955,0.5046715335869382,,113.85233858498681,113.85233858498681,113.85233858498681,2027-05,1.0,TREN_ARAUCANIA,9.724137931034482,9.724137931034482,,,TA_TEMUCO_VICTORIA,0.0,0.0,0.0,280.13,280.13,282.0,282.0
32282.86636549348,,32282.86636549348,59457.56561705557,Mes,0.46,0.9926666666666667,0.9926666666666667,1.0269433405325363,1.0,0.5,6,,28.0,0.955,0.5311360887767236,,115.26578550686298,115.26578550686298,115.26578550686298,2027-06,1.0,TREN_ARAUCANIA,9.857142857142858,9.857142857142858,,,TA_TEMUCO_VICTORIA,0.0,0.0,0.0,273.976,273.976,276.0,276.0
32498.921578891575,,32498.921578891575,70309.13337533252,Mes,0.46,0.9984338983050848,0.9984338983050848,1.051914218974504,1.0,0.5,7,,30.0,0.955,0.45216615468776106,,107.93653273178002,107.93653273178002,107.93653273178002,2027-07,1.0,TREN_ARAUCANIA,9.833333333333334,9.833333333333334,,,TA_TEMUCO_VICTORIA,0.0,0.0,0.0,294.538,294.538,295.0,295.0
30651.301508252658,,30651.301508252658,69890.77288222904,Mes,0.46,0.9962644295302013,0.9962644295302013,0.9753110586970296,1.0,0.5,8,,30.0,0.955,0.4290124776717502,,100.99476851311223,100.99476851311223,100.99476851311223,2027-08,1.0,TREN_ARAUCANIA,9.933333333333334,9.933333333333334,,,TA_TEMUCO_VICTORIA,0.0,0.0,0.0,296.8868,296.8868,298.0,298.0
26535.617927117033,,26535.617927117033,60291.70753561208,Mes,0.46,0.9895923076923078,0.9895923076923078,0.9796948210393155,1.0,0.5,9,,27.0,0.955,0.43053897069845276,,96.08400434276064,96.08400434276064,96.08400434276064,2027-09,1.0,TREN_ARAUCANIA,10.11111111111111,10.11111111111111,,,TA_TEMUCO_VICTORIA,0.0,0.0,0.0,270.1587,270.1587,273.0,273.0
29382.752268919565,,29382.752268919565,68693.29172100882,Mes,0.46,0.9965915492957748,0.9965915492957748,1.0177164494880109,1.0,0.5,10,,29.0,0.955,0.4184263175044953,,101.55417441166989,101.55417441166989,101.55417441166989,2027-10,1.0,TREN_ARAUCANIA,9.793103448275861,9.793103448275861,,,TA_TEMUCO_VICTORIA,0.0,0.0,0.0,283.03200000000004,283.03200000000004,284.0,284.0
32046.761150416634,,32046.761150416634,70185.8214408068,Mes,0.46,0.9903414634146341,0.9903414634146341,0.9553444562541843,1.0,0.5,11,,29.0,0.955,0.4466584998440149,,110.29558563924266,110.29558563924266,110.29558563924266,2027-11,1.0,TREN_ARAUCANIA,9.89655172413793,9.89655172413793,,,TA_TEMUCO_VICTORIA,0.0,0.0,0.0,284.228,284.228,287.0,287.0
38662.87937481506,,38662.87937481506,59600.236517464575,Mes,0.46,0.9741310344827586,0.9741310344827586,0.9718888145335361,1.0,0.5,12,,29.0,0.955,0.6345809900382036,,133.8812207370097,133.8812207370097,133.8812207370097,2027-12,1.0,TREN_ARAUCANIA,10.0,10.0,,,TA_TEMUCO_VICTORIA,0.0,0.0,0.0,282.498,282.498,290.0,290.0
